id;elapsed;cores;valid
37dd92ca7ddadf95a5a17a767eb40f0d37e2a28fdb6e0aa30f937eb168687346;779.005;32;True
5c4ebd5a6bb75486ffaa7aecc4fe1b0568938f924a35ab71ee659b0d88769b96;712.868;32;True
d9da52a92f272e67063ad3f4c0f003565c05c9dfaadc4a3abda0083019a404e9;708.853;32;True
76e40d72b9325e876083f6da7512419ba4d73a1aa6def64cf9c3e2211d7d088d;937.087;32;True
a0f0593cd25b376403e53368ccfd92668aae08f5ecdb639136271e6edc073b4b;708.844;32;True
ce5ea86e15ed04715c269054adf46dfb76c0d341d3ad9d32ea693a25e770346f;694.974;32;True
742e44986a4dbd047758798d776a4127bd75b585b6f783209a1afc2d78c62468;1045.174;32;False
b7da36140e06ca58bc250e029d53c301e02a5460b7877cf7b76c5cbc56f6db2b;790.923;32;True
5c2f67aa03771b97377a926a2b9effa23ea470f8145cc074c61e041f58905afb;949.093;32;True
72247a5b229fc68db5ba69cd48312b49c26131fe442922830b3c68756387e7ed;712.854;32;True
4b997f885451fbd78f1660a2e1ad41a1289d99a5d771b0351fdd03bbd6cc1483;1039.251;32;True
5526045f0bf19b1afc677c1f79c228bc3276a7eaa8b52091ef2d65ed187bde17;965.11;32;False
8def77f0a0ca63b777589194896fe16bf6de60db513cd3d0edcec89763af1adb;953.0889999999999;32;True
c112d343e84311c53d68ac23962115306730c74ae645a8eb4e9466b8a7eb45d7;939.099;32;True
944af8292d9e866e9b37ed685917ac51560eb578d30cc1ec8cb702c8036af37a;1009.155;32;False
e97aa1a94dd6c275c87c502c8d912bef45a37979fb40bd7227b97733b579e09a;548.386;40;True
6e287193f3435dbbe7e91408d5afa0dfec8cd8a0cd334e6e3fce07eab3b7932b;776.884;40;False
79444042f68f2d066a3265f1455b710312a91540d79032119354795b2f881696;780.882;40;True
6246915101cb4312f76f24f42a2bde489d9b2eee9143304bff6c8e7d094629bc;740.864;40;True
d540e9c4f76d55f44dfe062417bb4a87403a965701e1e755a90d8926b27f1b29;540.665;40;True
418827bc826bb8222cb2427e8ad82f02f763af2b11d6b945adf6ec9513bf10fd;556.638;48;True
68720d6db5acf246edb96c91849c9ea5e504842fd282f8c92dd142bcf2c388f5;744.892;48;True
274020c232a35dd1f4b4a4c7d3675c752e2a8b430c4afe4974d2f2810c5f5079;720.869;48;True
fe7d165809edf00d359d5ae32d97fda690ef4ce64248e87efa8b1ec5e4e5b4cf;720.877;48;False
bf8f8650c653f518df06060cce26a58c3207721dcca00a6cde7ff5940ee526ce;616.764;48;True
9e35b7dcfb30f077fdd63bc60c32965ec7626ae80d3c9b74b0345a75d7e0a130;562.727;48;True
29f859743a41d23b5360d4c981930eecf94bb160036c4c0953295d1192203123;718.844;48;True
baaa11570dd1cb62ce8a9e3b12f95c1fc1021f165c6f4b2f8653fbf3175b4cbf;624.749;48;True
dd0883023133e2850601ee8f9e58f7c6d86333b357eebdf2d5dfb7b6c0617b0e;566.702;48;True
45ab19560b58adc905612281443232c468fce2fa6c051e5391373b1d617ee9a2;556.683;48;True
385652685527991d9164c13e478f8c0d41d02b79ad61b67d22175525072791d5;764.873;48;False
112ea782893f795cbcdffdfa082d89957abdfbee2700b0e5259fcfa920460861;722.845;48;True
c6e647d1a544ee9167af069d21ad2ff4cae9a97137c4e2d08fe450da9ac34f23;786.912;48;True
ec90554f023e15ad9070511883960b00c6a716e88dedb112e896232178f752fb;624.752;48;True
060429cab7c9ee0198a88dd2e7dcc3d0e25d94f3c32219a3806927cf2e354f38;612.74;48;True
cc5747a7052c9f5dddab56bc6ebfdde38138c60d32b0116d0a1780e8a170a0a3;688.314;72;False
c3d69a2ab8884b1e4e6d508677ba8729fb3b67c70f7670f71a76a991f478d834;450.584;72;True
2a567044cde14883915a744877afa3f13b8e83ebe70c79b8b67e0d1fc0fd5c42;594.743;72;True
71f8ac7d1d8921332cad666946c8f1b948dad0e4b91dc6b34ad5dfbbcf9a98fd;684.846;72;True
d340c0c50c0072f5045c97e28d0dd254aabbd6254959c3f564fd2ddfa7230584;460.594;72;True
df1a734ce96602627be9fbe70a32c087ed49679f521a2d437a0a2583107870ed;702.528;56;True
c56555369c9de9b627eba2b851cf08121f73506d213320372cc6d796e39f800b;760.927;56;True
cead097ad71c90ed496e29a1d5aeebec3328a15102ef7758f63b71bfbb248392;590.736;56;True
e50b03a9ba050ff852334ee275940e894631f5419eb6965b8da643ca99d9852b;532.676;56;True
f68ab3f87c18660601dc5aa76461f53c5d42fad321db49d9b6523e18bc9b4ec2;752.925;56;False
46234b42740e7238fe596b4bf9765292ca128d0afdf5e145cb750ed1117bf989;630.336;64;True
10d28d0fd5fd5ad75ca45273f4fc1926885b5d3184a290a69a38a0a3db64b791;704.865;64;True
1cb9087a8774da5b993f5e68105f91a2e689b2a69301b73c98499088c11c83b1;466.606;64;True
f5ab73f349797f0e96b76a3055730b0947a7feeb659d0c0709a2b4ded11c03f9;466.603;64;True
b0d2c28901bf6b6488de31d85abab0e0937380729379d79c66aa7c535ac11fab;520.672;64;True
a3499fa20f796e2a8cf28cf80e81bb46d679868da4c52d97fe6221b1ab695647;610.136;72;True
8ee227c0c1b565e25582d5626466ca4c0ae5a5ae673b8592199342e272cd4ea5;418.53;72;True
5775afd5f1aaf4d643ddcca96ef2b134327fa20ee78cea4e1a8beefcc07851c4;424.546;72;True
2a1e8f3ad608486da7eb9f165fa6389c641a895232a3dcc7a9b1cd22741150cf;602.747;72;True
9d9e038d0da73f382aba1f35ddc11d901ff9566ed61399caff64418b221ed41b;480.603;72;True
478226e8b91fd9e223848097af04e9841a0c7c8bebe003eaabda02f9545b72e8;590.114;72;True
fdc097078533156d89fba19bab58409b0243f20822c95a8c0858006cb4dfa47a;592.733;72;True
6754c5ffcbf5a276be17052f5d887a303d1c35fb7f8850944cbc9210f07bec9b;438.563;72;True
8ddc43ccd99de46131878aca07b940183b5315abf4fa53a1be24e5bb7ec17b5a;614.753;72;True
8c9a2e0fb2a295bbfd18552535a4b59cd02a02adcf4898d3f086bf4f057ac768;428.56;72;True
1c06e3471f13d96c1049e9838f699d0f3918b30ad146bfc97d6548af696ae27a;432.27;256;True
cabb3c90854073e6fe17dce15c0cb26dfe9c29e5a891a51b4ff667e43fa54471;524.715;256;True
a33c1e112292381994af87ccd200fa23a629d5bfe8a89bd64489e9ca18c44e1a;398.581;256;True
dda13e080d9ea3d7184ecefc4174ccdc035b25b0bf4649705826e8b0c4e364ff;564.774;256;False
d8763feb088dccde5243216a2e856d942b00e050429e14f534add44190e5e8b4;390.592;256;True
b08faf78c80819467d5096552f08b8c8c719549eade186a97ad70b060cc68a42;748.634;40;True
57d366d9317253a5f3de208758395cfdbe83823d29b78936cc432dc2e1cc24b7;536.722;40;True
453b1397263139a33290f6e0bc471a11f318265dc3c6fceb2b3279b3349b0ba4;550.654;40;True
740ddd387d1bc2bf5280c7d1812d0ee1f32e8044f26eb803bee54949b3cc5734;708.831;40;False
b4e26555d30f50c15e0107590564fe7081936fb49b7f35997c7ee6c55b7fff6a;712.827;40;True
cfd7a8409419cd37d819f16614dc6b6015ee574c2c0fd619d4b2399f15500700;544.354;40;True
291a8d89c3ed1cb890029c0567c39fc9aa0fe3724462c23a1be12f857a31cf5c;814.925;40;False
2da1d5a66e70edbe742ddf46bbbcf529feb16122179b90fa581494160470081e;530.634;40;True
e7e20a2f6e9901f0dd68a8e5e6a6cbedfe6da5d1dd3d923774159fa6a97309a6;742.863;40;True
83e877a65a7590c84388cfb1aac9214e63429b22372e2a91fafd3a6a063859fc;544.653;40;True
92c20df5572f18f7800dfbdc9e13c83db0d70f29680322645b34c00de093a46f;810.66;40;False
e028958aa583b70012f19dc816a3efb332ad5e762f85b82aad0891ff506404b7;784.913;40;True
e5ac254487e62803335c5974c4713859c2a168632d0e1bfe66efb6065a7be164;754.884;40;False
bd680f4a5114da7b91609bc9ea47b7323842816ba6343500c37d9e15d8cb6f6a;802.929;40;True
b8a45b248eb02d72299ad94f0157812d047b652829144d7d6d5abb92d541d766;696.817;40;True
5e1101987f8f80358cf03e15963b884dd3c8b058c9536eaad76dd1083f9d4d52;708.606;40;False
33476d92cb00314e3a95692d6682376e41da01e40c89ff94e0a7073b0cc3a3ef;614.733;40;True
97ed6aa23dace3d750f806a894953b7c59c6270bc58e22d7299163e630a3e1dc;724.866;40;True
ff9a28308865589dfc45683fc12ce5919ddc6d0d997682edc294296d82f3b7de;698.828;40;True
d006ee9c3c814781f2718af5abbec5bf64e96a2990b80558159d88796bc356e5;736.878;40;True
81fd8b5c5bb5e01e8660dce2d6fddee4e99d2079ab092adb1cc5c87e0cc1fc99;542.433;40;True
6a749f4733b31c4546a80216359a31ae989d727af9f73f35606c30c77dfbf4d8;714.845;40;True
79e37544f7ced8a4bb2ab7fc75fd292fc70d0a63001c4da3ae893836ce180b28;540.656;40;True
18b9fc4b0aaad868c85c212be117abc7b6f8c87ae0385cfcf076d9906298f792;534.654;40;True
97c77a3878fc80c0c7c226dc485f9aa0d2b892e3c6d58e76640f6c4bb5c3e79d;616.736;40;True
43285407cae366b7cae567b6e599b9ffed9bb7882db6b0f26cc5ea7ab00b3d30;786.628;40;True
f807231746321a79587ad83895f07051644dd9c7b2c67b9947ea18da9747518c;544.664;40;True
0966d3c0776383e44e7a1eb178c127da2890d3743b9efab106d98d1f521a0613;532.635;40;True
2d546ceb662c089ffe4c40075da94fc0be81a3a2f2cf88c998b9366ae80ef9be;610.737;40;True
67bc1a4641f4e21ac11ce3b42f3b099abab6259c6135053daf5b12f2eaffc1e3;740.856;40;True
f1d788c241721702e81200cffd4b84009600c5c028975cd7a79ab67ff69584e2;746.594;40;True
8ab9ec0d2d75b58d2d5785f76b0e51807bc92e6cbcbeb9c0c914e6bfc4aaa4e8;546.675;40;True
320b7b615ecfa3cb3918a1c71065aa6a7b186c1994cf99967b2fb86d6c0a169a;780.919;40;True
aa1a5c5f8ac17444fbced145e64af6c07dcfc7c4c82296996865e6d326f53196;744.88;40;True
2feadda983f8487dee344d2bf3faf6bebc917be18de2a3eea1f87f33ab1246e9;596.738;40;True
ca66cc35ae738d5d54aa8ce9e9a1001054151345b7727692ba48fd2205acf0d4;754.608;40;False
8463d4e451129250536dae34fbd9558252393caf823a111a98b2638e0579f258;694.8340000000001;40;True
38066b7a582bc34674ee0ce324c881adf39a86fc5f16006177d59336dd0d983a;790.912;40;True
f972e90ac4dd08ea388a4652b6fbe30e1d40c41a10b4a3b673c5015e429badac;728.848;40;True
ab50ef4c79c203bdb1b3497a1c33b767303a508deff0d86521a38c83675a9bc1;712.842;40;True
983e148bc7d9cb6fbeda79dbda72354e9d31550c237a85ab6f27236900cb6980;732.794;48;True
68ec5e773f0667bd69aade558218756721dc89dca231cd0f118fb373bd0def83;726.863;48;True
c2df56dcc17fdcb6e1baba0270e6e90e7f7a55a1cef53f4787f2cb9a43faf82b;616.738;48;True
7b2cf197774c2d095ea5f98996ddba5a6d87b5ca02d858cc3b07ceec58c17c56;822.962;48;True
3ea2c2cce62ce5f08c4092c6f184498dab2541cd4a0e3a0b6db4690639237d03;828.979;48;True
9fb9c4f1f6975095efa4ae7c029dfe2aa301abe03b9cd00137daca53aef592b4;748.838;48;True
f96e52000140d81b828c7b32f1a70cbc5223f5cac247b20cffd187209a44cfed;542.667;48;True
5dca15b21312cc443fbe4fcc0bf290d7856852e6f2ceb09e8e94f125b484ee47;734.869;48;True
fd8a807b07215bce3617885071525fbb58d2faff1396969c65cf5d114a55b802;716.871;48;False
304cd0fddc9349bb21c3ca97467e9494e45fc0ca8288e97b09bd5c496ec83c9f;798.941;48;True
b12706a46c0684de6e9f5c09a9530ab66bffa773f49eb7789fd0e2e3aa381c09;560.596;48;True
36b6bf9f3ea2c72e99c696c525595242d0674d406bdffd1f608c150693a091ac;748.872;48;True
f325f198ee869a7e4379976830f8d6ce7ec249bbb4c26d345839aff33a903b2b;626.765;48;True
7bcc049197b6889e1b3ff91cd7eb6d337de66be58b2c253f10844a4160f0ad6a;560.692;48;True
6b97ed99ff3a80192227a2876090e2e29b3a5c3e1f77309abff8b94c711fe005;540.693;48;True
d029703bb12762799a0a2cbff06f4829bd2ce5ab741040f83f079e6e31fe601b;802.857;48;True
6844467c5fc531306a6468607f1d907c5119707ca72eca6fd82911a797bf3b30;774.925;48;False
72d2d5eec6cd92b393082da1c8ae3ef6296335947f8df0f156fb1891f14e61d9;724.859;48;True
a1dbaab65c325ec28baa233ef3719c9db29e3c1f8e96effdab3b4b8b57d536b2;548.68;48;True
fc028e86e34aa90d24a206a4609884006637e7beb8774cd4ee98010b826d9840;540.679;48;True
c4074c0987329db8f063465daf3aa58e99d3f765cd3104414ed27c33930635ae;700.896;32;True
7392393b62c1685c8585327a839b6cfc0d4ce8650b6deaae79ed59ae668a157f;712.828;32;True
6ef41330817400568daed357344533ef4fd499b5043cce277433bf7c33cd25f9;792.914;32;True
1d92edf95eb9e1ccce5be721940e6b10235558a9a6e55b0d6a80f330b300e1fb;957.0840000000001;32;True
0c86cc262abb623243e44d6bc66ce2effe2aa0e7dbe20421be47f73150cabeb1;961.091;32;True
f27bb448f3ffc25b4a25f0110d50c3e4b99aa8bd4eb2275181553aa6cf3a16fc;616.734;48;True
f5dc0fbf2e0f844d1acdf9544ae4b340cfaaa1369b0015ef53cf06078b7d9fc8;770.923;48;True
6eb651258e96cf2fc25ed07c1059383e3a3afbe40a71f2f132146fcc8aab0083;538.671;48;True
a84eced8fe5f408afaf79d2df68d7a8f0ea23192a9d55ddf5a238c192580ec36;759.354;48;True
ccfd0b4812b9bef5207eae49db8dcdb9ab33ab47b6efc54b3ca3ebfc6a86be3e;564.717;48;True
359380e221abea34e0ae341737c8e313265fb5c2d668f461af441ae3cd482d37;800.946;48;False
a0f36725b9bd540fee930101eedc8a96b320e40fbd2fb1c3cbd0b5a876b193d4;766.918;48;False
3a635ad00b4c9d77f1d525f8735fa535feff2595202700707dd1982dfc61543f;556.694;48;True
49c0bb17e4d4f6e0dbd8d01cac09f73a8ca3a50b4b359e8ab51f5f3259b1789e;716.86;48;True
46ef159e0f764067c303150434a08763ebdcf4f16ed84cd89461986a19503c60;834.987;48;True
91c4d802ab3727316973b6b457a0e6ff5a9efe843c0d8f65df9909e33e46a216;756.795;48;True
1071660b58a401ab8088adf531cb52d5c998c8c3f3b310a37985749c55c714f0;766.92;48;False
60073cf3c8285fcf997a15eb339017fe1fb91158ae7ce09227732e0e6367098c;556.7;48;True
d854dc3cb8b5b1e67ba8412d6e9e8062a1782d36fd936bdbcc5c0e0f7ed7d1ef;538.669;48;True
c737737150092a7be6ef3bc3c262677af2060f51fd29e157323c0f8cee4bff70;716.857;48;True
68387cff55fecd0e586af41e8bf78c86c06388fdc8e1cbf7f30ce71c3a7a6431;726.797;48;True
112081cad5bc706f72f8947ffd9f5399fe61da4e3a599b0954aeb0755898a31e;716.863;48;False
783120e74cff835e20cef2fc02de2ad07e5d0f9c9d591ade3e77cb5bc4929c6f;560.691;48;True
c7f561974bc2ac3e38a97b067caa3ba1060a3c9a38c93446ba4d0046205e8bbf;626.78;48;True
026993fe6c83ab534910835496138af57c128901a3f9b76ec3da38d5e12dd500;762.9159999999999;48;True
ad2b26a4b82411abfaf9dcf701ae40a8a019cb964f7c6b2e8469b6234e9cc09a;417.89300000000003;72;True
525b39da9d2a60344c17f7b76a3a7d450171f587c89f72d181873b3af4cbe5d0;584.708;72;True
5870217a81d49605f9b3c195a51cd350213b09c924d9af2ed0f05d94e06c2b80;414.54200000000003;72;True
5af5c3ce70310503d1f3c0d8b4a2e4237bf5734042b9986a6f231e84236fa088;428.541;72;True
b4357c2881a921bb14d8b46589381e297f3d187ac98c6b5504c139565f2d2415;584.727;72;True
e923f80de55ea94b6100e6d02561665435233eb80eae4ee7d13aa2b97cdb70c2;425.928;72;True
b849d2e74fd2bc372016439a7e1d60c9297fb39959e73e0e9de7f5a69c540894;568.705;72;True
f301befaabed48b058967bce4f90b84da3b9d87b788d5fd700bd95e5448e23c6;478.597;72;True
27d70cccbff1792e0719f3bcb1fef845b848905b4d859267591eb285b3c18b0e;434.581;72;True
f99ceabcf2d8729d7ff221bac8772ddcf00025d5feaab6368685822de9143f05;480.64;72;True
b48d41f50e00bd7eef7869e86a606bff57b662cb03a47126eb1557b9acf38068;640.092;72;True
65e8025266bad7a24ddaec6fc1845fb34e99c8fd2f43d6e86b6b7fa1ec81aebd;626.761;72;False
c1e2afc394b70eb4655fb5342d63c542240aebe698d294e38e66b3d59ad7ef82;566.694;72;True
d6731e01031821709943dcc9b9a531c70fb58be66046db1de87a2e34a6f19c83;480.605;72;True
461344e130090cf21007e281d752bcec920aa8dfb36f679f808865a31d966892;570.695;72;True
878ef2ae922e21f7d403fd2c29a63ebe1f882d050a67f0906f92b3d1175ef738;481.948;72;True
09e3e34e51c7937e3e15d13877774a2e97fa6120c880f80c2d3c3f154915eaf3;556.694;72;True
5f60c7d4b7d0967c4b1734abb564d6541f6b5c36f4da6628b1b88f51db99ab97;592.727;72;True
1c189c4f2ffda9b041443ccde767544c2dd5825292580bc427aa3eac5fd556e8;584.72;72;True
beb8afa67126e0aa717713f6dbdddf3446f0d68dce25d530f34bc102e660f3b0;652.7909999999999;72;True
853eb19488f1f28ed5d6b76326c20f41a3ab837875ef3dc0db47799ee6d1c465;547.978;72;False
23c8f0c956d6f66ff3978806331a78f3a8dbd585351f4a7e6804303794351a0c;626.764;72;True
2d0c6a8b60d0f22abf16f395597a7d677ce237356bb0f7588d697fe6ac7722ca;468.6;72;True
ca8238dc990805e3c26cc7d9e771d5afabeb20b16294ddf110f36bc9cc19f64a;558.687;72;False
b101d0c391b0e72fc4657780e4a495a8050285d6f1f4adb4f1bfc988ed570d3d;482.602;72;True
a667d6c2eb7595ef1804395eaef35ac867de424b33436115884d4968961f252c;602.041;72;False
9709b9665278aefa0dd22bdcd7e824c43c4da238d9d2d24c194b875c2b7bfa6b;626.746;72;True
522349ea0d0531c7be3e6549be810f5bc19ba0918ea1427166b1795044bed95a;548.668;72;True
d88a9cd74349bd41424cd4faaafbf671a2aa19a26080e4d7a358c8d9c773f1b1;576.7090000000001;72;True
2a3f25e2b92994170ea3ff9ab4896f20bb7276787cda27e3e589972a6301b073;638.774;72;True
6cc951f4c161cf27d25e37cb394c6338ce4c1f4e84216229b1859b7aff619802;411.836;72;True
f0779ba2c6d5eb28143d5d60313fe38fac554cde1a0d8b0fb0b55f9912c93d0d;482.608;72;True
42fe466a150aa340f9cdec41d34a415ca7d287f5b7ab365fdd1ac37f0549e81b;420.537;72;True
352c559bba43817de26f72324dd5fecc91a946d0c3754bc915afe8b42a2afeea;632.759;72;False
fa963c163d9d768f01cb0c5bc4490a06b89bb4e6ab4aff1c31f0c8405ae2b3c1;580.708;72;True
cba85fad6f5704ad7fe73b9e7c70d9c0da7d4f9c5c12a95799ac14e8f2cccb37;427.888;96;True
09b89acb416b12c16c3b38e02e26f1936a3f7dcf207aa27068f881d3dbe29124;570.7139999999999;96;True
340871486be62c33bea8a408dfb6a07cbda3aa0e06c1c5d891e9068b6dae6530;422.555;96;True
74613f98aa2e09851a6792e02c5279a8ac8c52cad7145c65793de56fe808eec7;608.744;96;True
95e4da8c3f96911978cd9744c35e4d453a22d2aee606041f67dabc943288da64;414.533;96;True
1f57ac2e64c073c14e502e5e97013689af54fce9a7e83b110b753c065f1abc2c;690.907;32;True
127b969509d273a745cd11d160f50a3ce762ec6147bf47313f91d4b06f736f98;927.062;32;True
112e3be187eae8fadc0df161f903b7a4fa3c1449755b5f39948054bdb2469c1d;927.084;32;False
d843b114243a61f26172744eca262e3eda0d824c02168ff44d5b6be311853921;716.864;32;True
63cca465dab428e4a061566b4ec70c5d536e2ee0f1665c312dc89b5a9e555b7b;774.922;32;True
3c1b724bd9109b92400ee9e8b29a7b902b8eaeec2534e75fb1763de38db6e9cf;530.376;40;True
e57a40a5acafc92f72a970beb0cd0617251977317023a47a007b154388a84629;810.93;40;True
19141f170293c7a86d0b50711bf14106721655776802f38d7dec5fb9271a90f0;780.899;40;True
5814e5da77ac2b9862925c5dc8eaa58c5eb41ae9609ec241d0feb2f1ab1cc809;544.656;40;True
fabb4970223d95e3397ec14c7fb55ff7a39a5d2fa5e411c50fb025b7ae2855a1;712.8340000000001;40;True
9f3b5d1dfc6675ee8d1688ecbcdf53506040036465710382b25c711d449ec39d;580.4590000000001;256;True
11ef93354085d3cec06e2acabfba63585da2d209b94d1b172f63fd16f10f3772;530.757;256;False
b6bd91ed71a45e1bfa013f6013a080a9668a073e895e932855a60ab4d16130a0;390.59;256;True
69981bbc253492206cdc605cd8184784ca184ddf52f2f7a5198add92086cdf06;384.578;256;True
388aeec45e93b66368ebd616e9bf728e400c54dc7abc361b437a2faabaffad0e;382.59;256;True
723120b06c899bffe8acf39c072ba62cf99612e8eebeb3b6dee3c2d57f45738c;497.961;72;True
eef9e749fc1d82db9770875f19460061b721b75d23c62f51e26f351b5ccba341;654.803;72;True
27027690d8bf22e39cc2870ea6d096e82f39852d04fd800cb0853d8b4a21f6e7;598.729;72;False
cd7a51c95114dc6dc3917415952e077d50890a463d8014cc745f1ec5559f2520;598.73;72;True
a5e3e5f1d70168a47ee53009d2efecfcc62beedeae3883c7946b853e04f6fc4c;646.774;72;True
e84e02d5e95df0cc945ee38cd7351f16d413842d8adcebdae441cd2d558d1802;421.888;72;True
8b4728fc11fcc2f2f754666782cc036440da96b06cfca88808134f7726141ce0;424.548;72;True
2be718decfbff89574a40b55c52e163b526103bdf42cadfea1ebf4af79f04af8;482.607;72;True
052be3f3ddcf42c5ad37084838feed488a4fa720ac890a10bc70de1b6d77f28b;438.563;72;True
5408efba504214dc3305fa0eb359b3f6ae6b1e91c7fd2bd53dd4b1fb45c920e6;436.572;72;True
2010b7da97aece84232d1d3132799d0047f8360dfa510785e136e04038898f43;483.929;96;True
f3cf4077d544bec4951c2921ba1b9d8cab2682bf05d66d407764cc6f0117b7f8;470.605;96;True
6b92e8e5bc2736b22b7201d6eae7d4746f46e59780262e93f0202313cccf8834;416.544;96;True
53b7d360a3add6debd3a7c11c944946387da21d018248128d9123cab9e697ccf;412.543;96;True
77cff53d612be5987448790788b488e0ce4d0cbf1fdc245d140974f1e047cd9f;558.698;96;True
def1be95e3807ddd0ab8128b5d95471bc7aa7c610c70f437ce61582c6f9ced01;594.2090000000001;72;True
6f8a309daab026a515e89be2a9ca7eb9433377d49852ec0c7824182b23bfcdfd;606.751;72;True
234bfb3ad509ab79e286d6f32bb361542a0b2a686df6ae49c6dd2ad28cd3234e;458.605;72;True
b1c4368d226689ca4deb03684f7cfbea183e17060b3a2ac406f3ac46f81d2e48;624.769;72;True
e244d2aed3027de74094619cc0f8eb868b5ddb92b3c533c94455120b8750fd5e;456.572;72;True
2f953d287af77893e59749b59fb8822eca4d08b97d662107cba085459b95b4fb;462.122;64;True
26ee535af00e5eb0120330622f0b53b9a83c7142af3e98bf87a5d832a38aa3c1;612.764;64;True
77dc033a6de8049474d62a39b2bd62a76e21379fcf8faceb43e19feee00b7667;612.759;64;False
fd302f70f7d847d16d62217ca6a954774995f92495b680328397d4a930cd6c68;666.82;64;True
a58d7b04eece20f11a0881537fee9370edef0f4a3a0078e34c017140b4ea68aa;624.77;64;True
1e84206efabac4b27fa318b5c63826857515016fdcee8fb0aaabefa8cfb414c5;427.849;72;True
4600c4fcc975d159a5e3ffbfcdd460a5f0b55113d1a74f9251f432d5c087b232;640.766;72;False
d09b212d261a27ef72cf9f050ecd2b5792fd77636b8aab584614658b0bb52cd4;624.749;72;True
df35700f7e4de98c3aa347a4b1aa3b0210bb64d1f590f960fd4e6ddb9670b2b4;556.674;72;True
a7e25863ed64727d2ae06005db60a3d4ff6a21dfcf40537d2337f8d88c10c0eb;412.528;72;True
d3078fbb849d80f5a90f934415c95495a2659cce926b7a131c0822a26394d88c;435.95;72;True
82a8d2b064a8675492b9a499b23ac0f25404ae8b2b2e6a9a90407e509de706ad;480.644;72;True
ce36597e1737323d5f504aaad94ee0f8e92780c7231b01bd19cabcb618fb8fce;428.548;72;True
3b6ea4c53af75b1075100f6c330cc5b2c6d461cd1b84cbcf3e78e95f3a23eada;582.764;72;False
97b23ded50dfeb189523ac5fb2ce7aac61f67809d942793374ef04a1e8f671c8;412.522;72;True
fe62d6ed16492861fd1432b4c6a65b357dc9d43bef85a7e8314ff9b5dfa66f2a;612.071;72;False
1094afc115613073194a46cb1f04124adf7539585686955b2063ebf04307880b;626.761;72;True
8c3a2ddf0ad2788088060ed88c51a33ce6e74b53a497d8e0d32e85044bb30b2f;412.531;72;True
d2550b05efaade198cc6669229d30a8dfcf99c1103b5c8098f864ebd5d1ed8c5;638.765;72;True
8dcc7d0113dd2eec2f1b71832c76b8844f3d53ee49d5a73e73cebff9689b6494;420.536;72;True
e1090b94c5ec75bf5678c2a5a58bed534874952c7e725fb4a393becf6bbe70d5;598.454;40;True
8c81929a10d8e390406aae886a1a19ea92951aa51960d65099405b0e5d4ed82a;544.66;40;True
fb197e3c74c4ea4bc5fbab20be2bcf176390d693a6d8893da5ab2050e25c42f0;604.733;40;True
d3c24dee65e0783d78aa386a31553fe93a00dbdf851b5a8cff37dc04de7d8d1c;704.845;40;True
ea2c8a49b8ab192ad830baf3db44fcb6ef8ae98af45217517d316c02dc4b652c;604.72;40;True
1e0137c96a8834937cb64d7502238a602f5957097515734d78507121ed06ae7a;630.678;48;True
ee50a270ef9e15775e666a740fded904034e80b4454ae57ef84582b6d0ec0b73;760.892;48;True
50883625989cced7218a700cb5a74578a884cac6fbe654fd8fce88229f80f537;552.675;48;True
2c499a158c73ad23a5a39755fc278d30790c604dbe946a88077c53da2e45584f;624.757;48;True
1a95bada1b79ca8d7449d0fd9c974f3171565f63b1d40c3a1431473c27f35175;826.966;48;False
0453b441746d20c897ce72a17b962c2e8bc4c3e607d6866ef36dd77380e75c96;435.94;72;True
e0cd7ce487117e6315ebdbd4b9126c80848e5b68d8143f1f6ce538e5bb79eef9;436.566;72;True
9018c8bda0b408ab638726fc90aacaef557815d678cfed68ce1524a4d5007e9c;492.63;72;True
d8a12be17fe8c3cf335edc420dbccb512de48085fc6ed789ea2f6056eda72f78;438.563;72;True
661a3e9991a0a489e9447c04d1e39861d9525c2cbea1ba82ef65f980162ccdb5;650.7909999999999;72;False
2330b577e891898019b8acd6a0f8439662273e2f5e34f98d83cb0ceab263bd17;494.014;72;True
660d7e7c6248ee5c2db9942d4c2b5999ce1f7917b303e84e82cd3da68c93d7ce;430.555;72;True
821e9dce6da334e459ac809751de192ea15d08f221b92ee163bf4320d10aa6da;480.612;72;True
14644ce4b3d9924e1e85ef24808527ed523cd2274c651814dd4d5590b86dac58;614.742;72;True
0a5eff54e5473451aa854a26b6afae7e2cb802e01047eb23a53c98da375de2a3;654.796;72;True
ebcf90cf62c71c9486d6079c36e41c09fafe12530af05a26aabf02de870f9e0d;548.401;40;True
855022962cb484456cc3c3266a7cb91c1ecbe604637b7c3195d82950e6229c4b;534.658;40;True
8673fe89f28ad937a6f1da10e5bd2c83b9ee733fa35bcfe1743cec688d216f9a;696.814;40;False
8af1cf5f4c122602f588240fc7362007fa08daeca0b66e120ca889952ed1e81b;734.916;40;True
83d89c5b6ec2083ddf5f1f0ac37a0329b36c929597027fab1105d3b30465008c;708.817;40;True
8d586b738359d9e003fa28b37720067b1c487b30108c639d70101efb4f1c54d8;730.846;48;False
3738fe0d222392424d795cb97b9e8a9f6bfa33b9c1ca708f230228a7cee92688;622.766;48;True
67dd44ce0c6400949301702a5eed3b2ea5c3776637e40f1b1678c0359ae24e2c;758.897;48;True
b1eae33dabea5786fe0e2e32e100cc71926b4d05481fe2bf187d018ca17e9b5f;552.684;48;True
0d9be676511cc388ad2c2b47334a1a467163b1ed20d5a62378d6629db147d34c;546.683;48;True
9455938a7edb79d810921025ad87dcc04043e3132aef7c03d767a6354659e913;411.858;72;True
2322219ef374ca341b69230d7a037301ee4adc0e53db07a31ec782bc06cbe341;418.526;72;True
75ba25ef8930385240134e2606dcebb780aa32856370a69dbb391f3e40e2b60e;472.59000000000003;72;True
afa1340a31e1997b199144868959eaa9a0e5b57444a1b2bad524e74b0f19bafe;412.53;72;True
65979b09a4ae73fcbea892645cb1fab2ee22a825c8c133f50880ac9ae8bed63e;470.586;72;True
0caf60706f3b6916bee7f9561abedf7d67aed4dde71120bfc796e91e7ac9a6ce;550.396;40;True
3adc3e8d4bbe9839feb19e719569848aae34127bedbcd6353220d95f177b5a48;552.681;40;True
cea3a2826a8eaa55aa58eaf5633e7ba33fdd66a246403d312728e7981c4ad65a;752.878;40;False
63247a82f6dd930cdd5e9ce51c9d2b986d18bb99796283b7823d64a4dbc66e41;740.858;40;True
2b18d1858d9317e708678707fd36c27aa70779870c3097d01a275e4026aed8b3;750.882;40;False
4a3524089c12a5064cd9d2395b617f6d047391f5ed6dda412cfd5c669d258f4a;534.385;40;True
0d9f2fc31e448688849a25ced17a3f99206481be7abfc4a2bab04975522c7983;728.835;40;True
7da0201c1d6f79c89c2044da1daab83e5aa627f3b2fc3d6d7a50bf9285f88993;604.724;40;True
becb63e42fca44ca1583be059f08f80cbebab422e61fb0378d62d02a48359158;716.856;40;True
ae374ba7399b10688393cb97c9a014e5c30fcae1169056e926232ad181bacece;546.671;40;True
a67b2723d2a2713111484aa93d2a415a0cde8182caeff19ac8ba8a945212dd0a;760.635;56;True
c5ec548d0b5ff1b7b993f7a99edbd41183bd4e8376473c458f8bf54a7b9131c6;800.962;56;True
54c04b68a14d698eb7c708f158615a70b3a3d2463a8cbd8b50f497ae3a00cb9e;706.866;56;True
bb40bcbecae5abc5a149da87915bf928c12fb9ada923219fe72794ad9eca0a6c;716.88;56;True
ac8f90fd34f84417e71a875f4b0aad1629e32a06883d1bcd7a307e955272cc1c;588.746;56;True
5ab4dc98d7d1b11a9503a0718d8f20f901e99773dd5bb8c499c83168d6afae1a;796.674;40;True
0b4d14c4604dce225f78dc6d4f3dd94a8628fa8ba7582b4a5464e3f42740b9bb;616.733;40;True
1685a0e84b2680b7193bebaafe20d5ea19f8b3903481f3a835976924be509b34;546.657;40;True
346ca07903a39e6577c4b95f5da98eba3b5752109abd0aa50881a05ba324338c;776.898;40;False
32d2db01ee8308cdcb161120ca8019a8d1eccdbb15adcbd0dc554b39b24d5623;610.724;40;True
740d38bf6eec26f94075b2bc7ae1c90a67b32accef09e0f08b2e8dbae6de5de2;542.367;40;True
54542f5804faf2c4d1769dd6e1b001fe10abc8932847f60fa8529f6e841cd156;540.648;40;True
d95609a8b45e6a24f1f73e987a1067b2c83a65565823549586c7621f82d9845f;534.649;40;True
9fb77bd6f125fc67c8b84914b11b480799eeb7ebd4acd785ddbe0feb54b6f604;734.856;40;True
c6ef5ce3207ff0603cdac4a852266bf51619596c4cf92b2b9bbb6e2ad4faefc2;550.66;40;True
469b5bd9f3a43ff94e2a14b56d958f05d22f36d5c11b4115571677a7145bc79a;736.879;48;True
030d9ff3dcc1d66145d39301b6fe3ca61d8734098715dbabb548b95c47a38c71;614.842;48;True
887f3a8ec9bb1086819c445f5cf5896d6d34bfc912d337bfd0bd711dec993371;732.868;48;True
a3bfe471f4eb1b526e80a2d7c2d24b57cabc410764a79f22e99babfe990ac281;542.657;48;True
19cceec9d20c47e8d9388b62775b298761d443a2e712c470ce7f4af4795a1826;554.682;48;True
640cb45f7b50a5f4587f89ecdcfd3ec44663a8518f210485f51cf7065067a9bc;714.539;40;True
2576bee3e63c17f9a9eae6e38d96f747e61322f12e3ed34a3af3d0e90b51805d;542.647;40;True
9c8916901da85a3b72390cbbeb972867ab230936f9280ecb2609d10b8e54f4e0;746.863;40;False
a784d948759b34c7f06112abffbed57701ff167144c599dba5e240c30ba9bf6a;526.633;40;True
337e0a46dc645d66f6a2e01b30a4945cf4881e9499db4c5e4c7f70d66f757758;708.817;40;True
9f8f07ea4136864476cdce09d40d559cbf51f9989f052d65444220eaed6b65be;772.882;48;True
d59489bf677305827a167c5b04614514fef76ba4caec16fb8222e7d30f451b99;728.863;48;True
4e32ecfadcd37999d32c177b93e0bbba234586294746a7e866fb626557389a1f;614.837;48;True
93656f9b9ad69f4351f1762f1a656e754b1333938f71c4a9e98950f825356618;560.692;48;True
786a415e4d3f1e694fba6a2db511aeadf5cd9fe117d5530a95a01881bb2340ca;542.689;48;True
964ecfe267d78e1dd68a0d62a71421a2fd69c4c1b89bf6bb0c3f40a86c107dc5;548.546;48;True
f77958a1973e5b3ccf0fa410625f93023f3d0d2f630416dc3bb14c27e7017f3c;798.935;48;False
74a3b67a3dad630393bdfb71487aff30d2bfc8ad50cae92059692b81197ae696;556.675;48;True
69841c0325342436fd0e1f670253c9c491075a958f85320ae56134303a898286;796.943;48;True
e8a20b1a9f53d074bb9b851c082833829814e3fcfd526b95112313206e4d4529;624.756;48;True
94b43550df1d7f5b6e83d8a3d52a81099693a3077f843a0613dff7c5d991534d;616.735;48;True
7252cf4d92fcb37d83acde3717e9517645242350adaf0d57868115b3cae931e1;760.908;48;True
4cecaf64841f082a50b9c9eefefcbab735c2cb1f5dd3ded676c66b98ec5e9273;550.686;48;True
0b8ca4ced224e3d6bf1cb95d0dd00851dab4c8dba3a81e484df08076eccd2ef5;556.686;48;True
6951a4228247873d8fd4788105c7ff3bf21912740ef44829183c4bb6de0a9970;748.886;48;True
7acfef3de69c6b6e000b929dd1d30100e816254a2cacbf6dd51326926e7f1f42;734.825;48;True
e89c032e44ec225f8aaf28e9e6117475e2079d8b71a0292939a14a4e6c334440;816.974;48;True
84b580d704d4f5760336cefa94fe50f5d61069d8a067bdad053d8a561d45422f;836.988;48;True
69db211f30242581ef0669d20e7752d40aba29c996c58b361666ad39b6764497;736.882;48;False
a8eb99b4fcb3dee2d1b0184980ddedf125b6d4b6fbbe292e981c06bc513bca4d;800.944;48;True
d76973327c6be27fabdc66cebdbca9a4cc14995dadd417287f276e7c97e16fc6;550.442;40;True
3765067277c7a6fe75e4f49dfa7f91a4f1d98a785cfeceed4fab41febd009913;812.933;40;True
f2fb833ac32dc299503a0b30361e23b6149c3e504ccf6738a840b3e5e55f867b;714.843;40;False
1a1f745fbd3f47fc95f176ae0939cd4ebbfb4acc5c7e0304b34898992f5c391a;742.857;40;True
2233bf1a099ea00052c45c23ddffb5195c0e8b908ab2be5e13ebcaf9dd3c204f;712.825;40;True
fa302cc866133ce3bf28e2cbb7d97e282bc1da4cc6d97c29f18917b7a43969a3;838.934;48;True
1ec05aaa2fd3ee9672c8a2cb1f6e1c191b33bbd6008f0d6dce6eb4ec3654b812;738.877;48;True
f03a7752562b49671c45eba89e2c9c1166d03cc96d42646e270821e2a1f3a39c;724.852;48;True
517fad76f61e43be9b40c526f5d106ff333819716297ed6d90f0fdf87b46f597;544.678;48;True
f1e8ee2f787c4b65d5bc118b9c9ba67ce91e9db8966a8976104792effe6a11dd;732.878;48;True
5ccbeb2c6e848164adc717f1a6b5cce0d66b96904fa7ff3cea5aaa21316e58d9;530.362;40;True
e2e45c0e7ad9e7657f26f04277525a0516e8d3c418d41f8b3d296dfbcc209cb2;704.821;40;False
ed55c60aa2c51022baf4fa85371c78da1d5b4902e16e74895dceb2504b7c7b5e;546.663;40;True
d73e0359ec51c3b847656b8f2bc157b083dae2057d53a4f43909202cad6551b7;748.867;40;False
6ce01800c088300b05a96044b586a2eea4a10be74f8b165bca5592d923ad0656;734.858;40;True
2b8049774395928ac8b7107406d1476ed73c7e2742997a10a952426de576c910;750.808;48;True
7a90e3edb3e282a148780d0b9ea7d289d555db0ffda6fda38ada56090ce506da;632.772;48;True
0ef5d6d7837e36c2cb55154f02b7b80de1846b1321a4ccd292e07638d7124e9a;816.941;48;True
82f4f6f5ccaad88b6fc9941b49dcbcee9c3d0af5e259a407f2e26e9010e03cb2;766.915;48;False
c9f33df4d6ce49ed0f4b608252e19c47351a91a005638cd41c78153c3218a878;554.692;48;True
23dca2920ddf92d96bf9ee488bab810312b9f0e8ec0e30ea42ab95aa1d4ab286;804.885;48;True
79d52b9be3ce6ffd3ee6c027c9c00eac8b6d6a897fa37d006be8229f16554a83;612.757;48;True
2ac5cad819eca20edc7cae909048afdbd56cae8846cd85d6a972d9d0e4ce2412;768.908;48;True
4630655a7ebbf0bad9f27fc0b118a035665cd656d77a4cedbd2431349a26a54b;760.906;48;True
e44e4fa5144254da4b95619b934782edc9fb92bfcd436c941d933db99ffa896a;544.674;48;True
cb445b23bd743f2eb435319d69c69b82684c52ca4fb6209f61dba5672c4a7d2d;692.91;32;True
0905226678bd32d62887eb84a96181bc3ad431b21e04f72228f3be110efef261;712.851;32;True
81f38097c7d073a73de124090183610d6e4450248391beda8d2f5ec71d22e65f;923.063;32;True
1385b5e3271fdce38cd0a3631cd2dfebe84a8d5de60a23c1f62ec4cfa3775135;1035.188;32;True
858d42cf4187ca50143e241a2f6525fba6eaeb97a2990ccb83d0ba43ab81cb5d;1031.171;32;True
40dee1bb285a0fbb863c45b51c2ea8fb8a7a269d7637a41721043d7ec8aab9fd;552.69;48;True
d0f45da0202babf22f2fd78c0d0f11658e51b065209e47d3bacc2b27aa341951;746.889;48;True
68139e04217e1e67d9ff5abfde237745ecee012c8b60ef8f48f526d117dd6fdf;836.988;48;True
3e084b55e249188f1c10034817a41a8e87024f651dfd639289a9387077cd3e85;614.761;48;True
521bf828a55d5b8c7aaf4581aed45af1903eeb698035fc5e3e9107ad9cd1385c;788.925;48;True
85cc455b5a7093f87db84c90b27358779201742d9629823bb3d2adc0ab1fbd29;933.124;32;True
80e5dbab00d3951b73504d0eaee69bb44b404eb86c6760ec4c8a322e26baec41;790.91;32;True
68cc784185f8b1ec57b4d6a03300074280eff53850fdc20a44bed65018522e29;989.143;32;True
9996615ce8a392d9fb7e8ccf38e7b6a07f6c0cfb227bb3170894b3f624c60d60;1001.15;32;True
f05ad3f3d7157afeabcd9212c488fb850e90ba093cf760da888b58ea30e80609;694.826;32;True
4fd00b682494741a75d34d2a901b09d6c46305e39ca437006649ddd208778489;738.598;40;True
977f1f5472683279ebe8a0a799b350424695ebdd8e57962c286c8417ca98b58a;760.88;40;False
76d95532aa18e06b68778bbbe2003eb614e12d0fb76faed388d2fd6e2f93e43d;708.842;40;True
69f17613feb928978a136e331dc1f14d109bca152afd69ff0505ea8d46272c35;602.722;40;True
eea931abdd868892bfbe34ddb90e39e5ab2e04015f57e0bfb308bce5d740bc91;798.926;40;False
d909fb2633be9a8a0b246b17a166a1bdd3ba91eb91e25186ec140ec9d3584394;712.934;32;True
c7287019945ce16f07fee07b3bd774e5cf70110df0ba3887da3c567149738fab;776.914;32;True
82778a7017571f964113694e14fefd8be6e4a95fc18109f0b8e10ea9fa3192d8;1003.126;32;True
a26df7225efd6377336b8c1751f1551e578d73f1a6ccfa55bd3cbbd644882821;694.8389999999999;32;True
5142c85cb9236bc25edf5b3fff44722edcff9b8b84efa1ef92e438ce528909a1;959.126;32;True
ac58a95e6c7ed4634727556ba91bd341151bb41949979a0894ceecfc2cf797c9;1067.304;32;False
ac36c26ae98c6e794bd42daaa128679d5ec7508d9a77710bb37bcd1cbb17a164;696.848;32;True
1a3779a8c2ba02f3bfaa0e5a21e38f57aadc8c6134922315b060a688c4195080;710.868;32;True
0a247c3d426e3f41c6eb7296143644375e69efb2aa451debf757ea924b9bd41d;706.85;32;True
7be92b93b9f316ba6c9e633abe79bdb4983cc2a6f094d51e48d53db3dba884a6;790.948;32;True
3fb99385eba64b3be87b4b951f63d48ba417f81766f52561e0ed0e85533cb842;542.447;256;True
9f051cbd84424e7281df26a3a247b03e3a4ff14a5c57dc104ce8a36d2bdf6e4a;570.794;256;False
1f049b94244c9e25da1f0e151796abb2f1692bfee930f642985eba1c4102770e;386.57;256;True
4822f90ed8bce06331675eea32d837b19dfde13ffe0181b51492235f11dd17ec;568.7860000000001;256;True
f4af186fe8fb7659e90bcbb159a07376b39a3e64e75e7dae695c69bafbf137a9;532.747;256;False
fac29f7db17871c4d52ec8572dba815ff3127ac5c542b943425896e361b8ebf1;913.151;32;True
c6da64e68ab8952752177d9fb39749e913df6575b35dd008baefb2db403225c1;774.917;32;True
c2af952b7fcda428cee8525579803af13ca1496d70d5a4924bbdbd4a6c724c4a;714.848;32;True
90d0493adafb66a5e67665901fa221e35dee3bed5ac89e9c625477a934511efd;770.897;32;True
95b73b0d21f3c884ab37e5d0372cc4b39ef1728647cda007cfe60b35e3e501fa;1033.189;32;True
aca9ae833941d0196219c17ff607862a000aa3a9fea9554b2ce05ab2fed7a2d2;481.945;96;True
8d6b2eadb5deb3788f153d75175ddfa155d5ecf25c07f72f32eb6f3205046e49;546.662;96;True
4bec5346c1ea3822f0ff5a48a240f5c07f9bf48fcdce65d0e5558c49714466cb;412.54;96;True
8e0de72a9263e56c1158efb8c48910a463244fa3202ef0ed569855f9325f6746;422.553;96;True
372b3afc48d30350a8acb9063fe403d1973351c14ab330d8e43ddab50cf79e9a;552.674;96;True
4a085033b5f2cfce6dfe495a4fb5349812b313146c1d2006e5bb2eb47493065a;628.1610000000001;72;True
d1801f5800280122d0be3058df945145a886f37b572d3c60e9e63e9853ba4955;582.708;72;False
c1a8e9ab7dd2b7035b0a0f104261d31ad27930ac9d571dee67c24fc17a0af67d;642.788;72;True
a2544009fe3cb50f987322322f7bf4c88e345cdc0a455cafd9b61be2612835ff;594.744;72;False
d0cd740571ace231ca9dd473c5dfd496c1820a7329013643cf41b8a930fe80b1;594.737;72;False
6a11c9c59391e9a720ef86e6c83af8f629415541400c4ab8edfa2f3a0cecdf85;568.071;72;True
6368b40f5eca574b2d08fd328375e7cdcc4d6849f3c29dc52b9582bd7ea7f3e7;576.722;72;False
f45bf0c2135cc82c4eb6e1f2d8ff1f612bccf2f310be3a2cecbc009fd8511cc0;554.684;72;True
bc5a81e59c85ac7d66067af38439c7d3181fff6874c982e8d02570073329d4f9;586.715;72;False
b5725cc4b5bd4b9b60bfd1a446941cb95221fc9a28f1de6a195b448698d4b3d7;424.548;72;True
3a013b2d6f61be123359cae3b456f2318e6b16d909273e7392766c3c849af01c;549.972;72;False
ff2a6cd454aa776e922e9d456e3a4e45155f54c8f3638f6bfbad2aedd1e7402a;558.693;72;True
07e4de2db1a98580d28936888773233c65f46a607f3220bc9d5f5cec84e1b743;642.78;72;False
cde0bf19d30430c244f9738f38b87229a3176306ad1dce51343f44ad060ee5d2;472.592;72;True
c394e98bca57f4881aa669ec3a34433314acb9f3ae78f7b830af6c7b89d11545;468.584;72;True
68deac5df7814b4ec082551aef172c2d9cea341325875fc10076e1891560a7d4;485.984;72;True
998ad08db638286c5a650525093d4ef0c745daf2586fec8eed042e26df7e333e;616.767;72;True
21d0c7810ae297e7cfc0bcace8189f5c06b70362d9eda10314a4e5746b9ed6af;640.77;72;True
fe776f2af996c8c6adbfba888a2d96a67c8b85b8ab3bb93adab0ca20c7fd486c;584.706;72;True
1bb08b550cf21a9d089b68f4ffdc392591cba18444a3e0601fae7c059feed9e4;574.701;72;True
89c9f316cf4bd683d5ed212f76871b28ec3257683d1d6f80b32e3aa648837d49;569.996;72;True
06ccdf00d22fc526de019b41a96efe7c922508416787cfd8ddd6275ec14926ee;550.676;72;True
b5507fc8454a49a7bca06768423ae07d189af0f52a7d01f6f4b1662c988e190e;582.707;72;True
af4db0be0cfe8324e124751ba2a72e8790b64feaac8fba39fd97399db398a422;574.696;72;True
e82de971e70aff3333fd6b3a3131d249fc0e33deef500067a0b9f98c223a33e4;576.708;72;False
317bdde29cbb32a3181621f3f69e96cff97037e2ab7f46c8f7043edb2343ef32;656.149;72;True
b92888fee98e46748fc120aac5c909e6240ccd5e32b95af98449c94243a15ab0;594.727;72;True
e6e9dc802e46d06edf257a8db31d2114d527a424bad741544bacff21e8b656ef;558.683;72;False
2a5ccb60f151700333c491bb876ad2a5dd2878d12722aee3de7f6bbb84dfa2f0;430.549;72;True
b3f8cdde3b3534fa4ddd6c73feeb932e90de127c38bc09974805c0b546afb590;422.554;72;True
fd0c58a4afcd80c75f89f9cf9ce7849962ae71d8b1f5f5e14a05705e2c048349;431.878;72;True
0bbd74791b20b66028945efb4ea09a2542e5c0dc22fcd97715c0cf7f41770cfb;432.554;72;True
dece43fa68dca76ac6398aa37dedbd2fdd7f05fa26de3713cc3fdfffdad8442a;584.716;72;True
5336d87a4417494fbb99aaad53443c506030dca9fd77ca17a0903296591ea043;436.555;72;True
57ae330e56bda57f8260296c4dfd5784a930d413e9cb8d8372b6d64680d4244e;556.681;72;False
c77f73fc02afd5b43793ea225286a784281e8d497a1b73fd4ed7bfe2a1c5adee;423.849;72;True
b02692efc50ee1932facb7bb6a291b9f4887c09f90f8fe695c851b9a349161f4;480.597;72;True
8958e979378750005e9d880f2829c075e3a0bd645fa76fa77b176ebd89b4f68e;482.601;72;True
eccdfbafd73dae304ff8a7f5771044f6b593c6d0d26165cb1fce1442a2f055e7;578.697;72;False
1a0d8241356986ca075b7620fe15f00a55e41785b3ca0b02663b5efd488ab1ba;590.719;72;False
839a9125e3e6f58d29b9455275c18db00ebbadb4f177cf022c692321577f78c6;466.131;64;True
40ab161a52858c919f0a9813bfcf762403ffed8d726ba4513035e3c2d9a3a1d7;636.783;64;True
9c300d35c447f4177de1df974819841eab7d86a5c09e48101353c93a6eed6d32;454.584;64;True
2536947e4059898f55d13f405afccc5ced1bf3144b5e3ff39facdfa42d489ddf;528.672;64;True
f0f45da1f225a415f8d63ec1f6ed2e8b472071bd89853f3d2eed31b327eae728;460.598;64;True
d61118bfd5c7a5ff761be277c0b69e3bf6aa51a4b41741815893b3a1efddcd7e;588.065;72;True
41998dcf4e59e0cf02e768dfb6215807db32899e28f592cb3e0ec688ba03d16d;434.555;72;True
0946f923f5568781aeedab357268bfd9816921077d5ab99cd7fc0de6a1c91479;480.607;72;True
e591fcac9a64830c5a5313ea5240aca76dc8b94e872a0a15259b193dbb4fab64;582.71;72;True
fc473834f66764ad150d4acc05ecc1cccd2bbce1f563b51b360a57da9ff16b01;654.784;72;True
6c942a21bfb8df71bc7dca9a96d8304ba75aa621c3a7fe5b8071e4e70d7d2260;558.376;40;True
a610b8d48d0cbfadba1592b61a24aa843c929d2d91cfa4721709cb4da99dc493;540.669;40;True
6ab089b037bc5499f9a4ee5cbb61cd3ed6fff7040e304a46dcf2ee14249fbc59;776.891;40;False
9532dc4d33ee78a632a4bb876d002ae69300144faf1b1741e717335964c01b69;738.868;40;True
384c8a7abbb11628fff452022bf0ccc915693d2512a9946619e5d1e47be09246;548.677;40;True
34dcdfd0604b74bee240c9926a520bb709aeb92e00b36d6b6f2d3af565d06ab7;778.622;40;True
0f23acb6c9a3e0bc72cb785482d37b59469664b1a0cc1750d9373ecfaa647ee5;778.903;40;True
c2c7ac69bfd4e67de93c7f8734ded4bb480e4049f4fb3da49f5cc126458b28dd;552.669;40;True
32281bc8511119200991d1af895799df27ab320fa6ea62ec3afac1fc133c4c5b;544.663;40;True
e14a7ce7389e277e47fe15c09603e78af3ef2e196062ae5e06e613d136e30d9b;536.656;40;True
88f437812e316bae6ffb6850153cc9e49ad20645c3d554099a38009513f76594;546.667;48;True
d226fa983c9d68d1da11eb34671eeba0b1cb3bfb1fc185e0fdf5be1dff48c0b8;722.844;48;True
635aea817061293a32e529ef641a2a0cfb9fe0b4190c7ff4960f376560c87bd7;616.733;48;True
2ae4ccfc2f641560e81530e0b58d79ab19588d0483cceac3a293eea5de97b572;768.903;48;True
7c6abc5e7c2b21cfcc0c17d5dc8250a768245eaf743062f7a04430c197f39d59;788.93;48;False
874b7e9e9019a9af35854d875f6778a9f20bc1ebfa6522c7a7262a3cf7ce529e;616.45;40;True
bf9782a680e1046706c97288e6b1a2c09af767d39eb1c72498c2902a78508fc1;616.729;40;True
f9b751d84fe934568fec0e00d0fcf5ec8035cc532c3bbc05d6a9f976abb361ea;814.942;40;True
d76d6badf36c97fc1e27ee59d6cad1a8d2fa1d8e7266a45dd159f2157a5526ab;730.85;40;True
e5e463b7f4a0b483b07efd93b757a82a338011580545a0f81781aa6de8e87944;538.653;40;True
adbb77a0452b711f1d1529e925b3c15df3f31b2a75e258a47fbb8abbfa72cebc;365.054;96;True
05b4a26132f27dfde04ae45be498d623ba32ba65229737f800c938498bc7689c;476.67;96;True
2f489221b873400b4f5a3ea6e5f36bf5eea9ff906cab3de3ba83219816672abe;368.558;96;True
f7232794ded29b804822efe3a83123ba29541c92ae197f79221770639236a3b0;358.551;96;True
99cc19f9fe735f41af832b5f29a11c6b9a464acff361c9db8bf5b368f7ffa58d;510.715;96;True
e8cd44fb296ec5558945ae71f7b58cdb9d01215363cccf29b7889c99b63fd389;544.633;48;True
11d628bc739e3bdd7e686d9afbd597b7f4eabd94bcd6b12464c9aa2a169356e5;766.906;48;False
a0690b7faada861ba79db16f08e37632ee01dace99f8530f9cd0d936c69de385;766.904;48;False
a4885cd3eb15edea408ee7a96b26ef989e1e2e54791ce4cc2e9c51d9e92164d3;836.973;48;True
410267a3d1497743d4ce0937048cce95d935ab4827e88d2989a69608491e950f;550.688;48;True
e4902f9cedf487b6327428a66474e95eabee7c0dd44392da1c54fc1feadb7ed6;543.31;96;True
8921968efbc3dadcce67fa22aeb65f0c901c74cbb28f668ae703d92a8897855d;508.736;96;True
097bca07005890f973864e8bb809e1050b620acd57aa5c02f9f8bd36630f1d76;526.742;96;True
938eeef773289ec136eac7712947cbbb294782f88cbbc9a6b41df7fefc6a054e;350.532;96;True
7a92e58d91c23f17c07e969bee38b27872bdc9aa08e38e274c5877421e94be1a;504.702;96;True
abacb3510aee05063ed4ebd256bd2ce5c66a21b497dac169162978b55602c8de;714.559;40;True
58a4ac96fa69f6861fd00f896d6af7c7a3930cd50531f4a099c5f4fb18025cda;614.749;40;True
858f00d3176daaa2be4584f26dbeee5cb24d2d1442c186148da6f272766cdbcb;798.929;40;True
ecd6f686116ff16f49aa664cc5bee558b9cdf6e93c05308cabb9f0c8a70f3f5c;744.865;40;True
1091e8efb4acc265e71b89034e465d19ec504386de6720fc1298bb1876b7dcdb;548.66;40;True
79fca8ed267322f4fcf6308c855b0892c3d24140b3611675e9a2aa60880ea5a3;740.596;40;True
d983923d8bb80c87af83c57627a3053d3e3cfb45d3d51ec30bf117775d4c62a6;738.862;40;True
4cb01e46c1049c2c77e3ff2c2fd552a223421c3b2182690468a3bc9d184fcb1a;534.653;40;True
f5f41d15c6d3e7bcd44f29f2efdcca78c791487311d5a8bfb0e940a7dcba64c7;694.81;40;True
1ca0e8841bd423de9b6f9a7236a5b1434ed959d464fd6a4e2377d914be99c1c5;542.655;40;True
82845786892b2edab9f8ff72588264d239044f5f7ec36cda34600d4f86de985f;726.74;48;False
4e9c2c352cd31aede13e0c9de0a06a56af57edb418367237e16f623847537ccd;548.683;48;True
07ab88232afdf079729eb9be4cc92b509d3a77b7b77fd97c3f773a05d50ceab7;626.797;48;True
7e08e5da4e36471194f30ce05545f5c5b59be6f29caa7db39e83726791dafa6d;760.92;48;True
0fc7d353114d576b1f9cf51b15d0d67dea2aded9cb5aa6c9b421a39a7619f537;726.864;48;True
51ef560bd7bd41af45ceb9b4d7af22c15aa604b1122877a8f606129e8f1ec0ed;782.675;40;True
289645b74904d53b57bf8de6047f6f0231cdc2b984c7e42e08eb1e9141ca108d;716.84;40;False
2f0e7ad8253c445ff3da78b9247c711ad87c3d315a75924cc7dca7616f201149;750.881;40;False
e1f7a470c5934df5c4bef634e4ee294b269a4a7162d225764a98d503d610690b;534.657;40;True
edff2ab1ef5565f4e9b1eea8c7247419318afe52c40700982fa2a001dd1ac68e;728.843;40;True
28ac6ce00e690665ee6fc0253d401083ad3004ceaa85b9087ff89964fc47a81f;602.444;40;True
8d14750c36d3f7e2075a8556cec37961016d6a0f3dc88641ef74e562a08f7495;532.647;40;True
bf3925978443e2b009f8cb36df58a0fb0b3c4ff2ce23659dc38f3d0b205fe21b;546.667;40;True
09fbdd872a931ffaeb2422e212856182fa02f1b84a666edfe1e21a6d24c00371;606.738;40;True
b859fa83292ce97e325cadd7bc9cb1b8ddf504cc50c11485b24c050c3aa7fe1f;772.905;40;True
51e35030e5583f689c1820acd8dc589f7d6c4e2015d03abfd0630262ff403534;564.592;48;True
bba90ba2d6d7dd98b9371d9d88070e170bc36dd2acd5558850c3e5cbbc5c7366;756.883;48;True
1fc9e9fe3a561bac1581b7fe2fd39c08d4709d36d9bf6906f205ef0fc8144381;765.024;48;True
5b3d682ad07a8c781e5e9f78ebdf14940cd08ae7561da231dc29023e83c19cea;550.68;48;True
553c178bbfda8be5a8d844e7e03691c803fa17a9779a8616bc9a0dc6187ce432;560.688;48;True
6d74c30e553f35043e4e3c8a00b6fb8fe43d6fc39af64181823c564e82a8e4e0;792.679;56;False
3dcc6416544786fc97bae75a87fc73b579701f8bfd6bcde25132e8228e983b61;516.676;56;True
41969ce3a70975035fa58f2fc5ff1a4771072fcea61fa5ff16f0775432eee90a;518.684;56;True
84927de93fd894965dc4a0c6809586226265d7d700a477cf92dc727427d626b3;536.703;56;True
4eebfaedf4a06082f4a133b6cfaf00776c9b250775d51e1e0e61bf7f316018ee;538.698;56;True
e012bd4d9bab5a18593441c76f48ccc732bca3390703ffad76a4effde31136ac;712.632;40;False
9968b58333f11519ba1f7b85ecc0c307b7a0620be2a959f07ec54a90c5a901e8;554.693;40;True
d1a70bb8ae93e5c00c357ac05cc8228844f4f5535a94ab4a42bb04be773571f7;714.826;40;False
04011866aaa735cf76cfee18ec8923b23b6640412ae6eadaaa543e4692a17b05;766.891;40;True
97d89fdb17f75389f69bd5c29cf0c8feef728316f41323de04ddfffdbbe8b904;544.669;40;True
fb890a2f538d4481d0a502b1791e645caf9812e526b8c344a205769af29e893a;620.826;48;True
6fbd0ebc9f887e880a83fb4f40ce2c8c9dc8c7f807c63ec5a09d49e5407f7b79;716.858;48;True
053a250342b01fed2cf9285c9636250fd65d72efc96b809cbb01fe01e6c70de3;826.956;48;True
0fb33d06a63c3419249379c3acda069fc98d00a7330b6bc6bf4b56ca8cb18a68;718.961;48;False
e2009d7c319c3148e4fe5d163b4c1d1a7a2750e2b5613117eb4653f20d6e151d;550.717;48;True
f5551236423162707983bf965fd8f68a205e92039f7369572ab96fbe51922437;612.465;40;True
438bbffcbd6d025d6f5274f7af9c747da58afd53d0b5c26fc6e6ac8d9068f885;530.64;40;True
e00213c397e36eb5ce23281ffbf219e6c1446b33f2cdb51b5098c59215c825d4;544.659;40;True
fcb9eb0a3bf42d2154b8fb885a4e75e6d89ba2b376e66318eac47fe27ab6e9cf;616.742;40;True
b8375971b2192cd935fb6eb1448583b6cb271541d74993283033b0c2771b4969;546.652;40;True
6837437fd4f4160f179a9a9358fa4375c52819fc924a74cd404f2b47b8d7535a;568.664;48;True
6127911495b4aee6a2b4db858a91c294c48cb589f93beb4a4d89397583dcb700;548.677;48;True
289f0dde14971be4fc63590b2c1602372029958579dff0bcd2684e23d495ca07;778.912;48;False
7bba7ee59ef7bb5379f83f457e8b09fedaf17a4f345166de8b603ea7723039a7;730.866;48;True
01b9c816ffe143badabf992b5f5e585e172ab64b00f6f59a1f56cab9872259c8;612.753;48;True
268c3827728be26ff40811d7c1c1e048d921d691c9fc0aa5aa5a55220424313f;838.966;48;True
22498e975cf38aea657d3023860d2c4880ae24da45b298006622d8b8d85ca165;540.671;48;True
ea7e0db61b7d98966795de6873bd4eba3bc1cc651d726235c866207ad438df7c;756.901;48;False
6516b0edbcb0641b29fcea8ba8690cd08d2df1820a29003e77975eb08d71c20a;732.885;48;True
46c2269910dfe0934441663fe204b97bd838e073053afe0ebdad5d45daa08a99;824.985;48;True
d62a51506b42ed3fcdc2ab545e074e4378c496ebd65772131d058c9ab855775a;630.654;48;True
33a472b81e57b67e5104dd97836ea543dd48fa43faa02c64628a7ade3fab573b;732.85;48;False
204864d765f4ab917958405915f862c7d6853a887b6d3e9995f240fb7335faca;544.669;48;True
785b0b3ed831f28e20e273484ca9dbf1cfbe1c8ca2827dad200fe18c31fabd22;548.701;48;True
5569c9697f159263f91def245c796f38777a30916e43e6a712e45ab9cd07761d;552.674;48;True
1b721502bede617b46ef759f21ad17757809cd15537bb1da3131522b0ded4d02;792.863;48;True
99b50cbe9e4d34d2b43db83d9a39692306c023a7717298ac7b3afa4512c35618;622.761;48;True
e6a8fda7d4b12f7d1abcfc4347e812628b89d69912a551a01a067135a8b25b05;822.96;48;False
0097ae61b909f10d98ac36c0540e8dac9fb11c68cfe99ff91e88e0d3a35f7970;736.868;48;True
ae6af925e0900d30574851434841eec349b38a5e72401d93e19d78ba2048c30c;616.747;48;True
198a8b67e311c0772d7676b89e0ea566f14e73dc7f9fb42cba4451036e76765c;624.644;48;True
f577383156758aa5d7742c8787659e7216735bbb3860c170e467e9d717191a70;552.668;48;True
0266b3232982f82a5805d77c2e660b1d24f7074577e05102f062d08dcda0de03;796.937;48;True
b36ddb00f391c3b92df4708d81a88add9b8b43239423dd9e068cb597b4ffbbc0;796.937;48;True
fe1837036ac05c3c9d098b544f61dd684436d2395840f99da0edaf492061bf9e;720.854;48;False
df4bf44bdba339cfe7c467479cde578758b874e6e14733f200543fc836b879c1;434.338;256;True
389c1e4afb68837587d0ef5b243aeec31a8e0b6a30771dba4da73e17f9927843;568.819;256;False
53b7060790877483007e68570869b5362a32160af8b42d45c6c637a06962a85c;522.778;256;False
d579dc431c3c766c1577f98984e2e3c059426bbb5bcd69c9fe91366f370f6a10;388.602;256;True
ab4c7b6f5d715fafb6a8d6e80e5842329da4473d106af5ca6b9ec9afce20c64d;596.8340000000001;256;True
a62f9cbbc1933858afb8ee2d9c9c1df625cec88c9f08a281ee4578319dd2dab6;562.659;48;True
570b313f150dd5ff35390b679f6e2fcfcc6d87bfaa42a4fc35d4258de339a78b;764.899;48;True
f23628be7902ce6d929ecdc709eacac9f009f42a2626c37758d820c166bde03e;558.69;48;True
b72d95c3e74cf6706df56d5ffc8dd7c6aba6b3893c8deae60c6f2bb14940f709;614.762;48;True
c5935e701f3b7b14951b12575bc7bd4d2a5920e4e4d36a83a855be2c5af2ebec;548.688;48;True
aa2068f38ea0a2016c5f7f60765acba7066664c9a9db3becb220917af3401a69;608.1;96;True
c0188090c932bebff5cd507b10916ce139df294983c4c73a527199474016b3c2;636.762;96;True
fa62b9e3f8ecd384a91798f619747ccd2a247447c9c731152050b8e0fe405223;482.612;96;True
c5273f5b394a9432eeba9bf1ef0461db8a035fa6741193ca319cd49034a9c7f2;470.592;96;True
720dc3490b27a8985bb5bca7b4a704c46c5c0baf97e5ffc7c4865e84abe3e02d;478.609;96;True
79297c2f2d3e8887f4fcd666393c9de2e661589675f32eb8ad87569bdb944e21;542.409;40;True
655d80542f3385d7c406ec245fc309dbc70bca1bce13e306b2e6cd2214bda9e0;600.714;40;True
66782d46340b01cecc38dc332dbba1507bdce450d15e55a7144672aff76b89c2;798.926;40;False
70e8ea8c1a82699face1219a2ee6c20c726ded8f7025ccc188ff1c9f1ba1d63e;604.736;40;True
56910a237fc00969ada7e7c26264a68fff2038bad2ab77b1a5a097b7dbdd20a4;548.658;40;True
15953223d54fa28da10802b117e24933b149e79c1341a5f21598108b4bf7744c;423.89;72;True
6c17a85c3d2651adf3ef27dba90157979875cda3e68fef529b38de39360a6ee4;564.707;72;False
0ac49b577ce8c7ace7e28634d9a3dfbcfe54188f1f1fd1b061db258f57816f62;478.603;72;True
08b5afad4426ab4137c4b08bd03e678f1d01148768a4c0e0c2e5edbfdd000b8e;628.759;72;True
079c2054bdfb13967f5a4037cef7b03f5c415cf2055a53e8f7a4ff4302600e82;590.722;72;True
081ca05e84e64c02c869d65c282006f8617138bfb960025162d679ed2d6aff3d;492.003;72;True
fd968c440de49243ec1602a19cb1ab9b42b3bec3e8af03593cbba10b6e0260ef;432.572;72;True
5e45d48fd8f51054004b526f637b058b012d8347df6b379b7c290f2f1510c2a1;566.717;72;True
8eb1d19565138d9270bc305048662534319058d810cb80cc1d0b97ed90dd4970;438.575;72;True
0ca1011f954f2cd3577cc6fda8f7cb0a521121c1b116b002731f07cad5562826;554.684;72;False
2c8619c9571a866590d6b66fee3a3b5819607e12dbf3fed9a0a05bc21c45ed43;586.023;72;True
c14004818267a59497902049203dfdfc5d22998875231a51af792379aeea6700;422.539;72;True
a31c2f53473b422c60e5970d71b7f70cec46fca24d617dc505358eb0c00f96a8;570.7;72;True
69ff00cb33c1ac7b5a814a7da1e1c04f80a0b3acfcb937a294fa190a83a1364e;544.665;72;True
8c0d624c28f8af773bc4f5ced08d55d54824ba7751c4ad6180437e80afd95a39;612.738;72;False
094802099a954f021532ac747c687c91a2a7716fb3c0456bf06bb770299e0de7;648.118;72;True
dfe860b3e5629b34642c88f808d0fcd2660ad88232783fdd05e7b33ab2cfa463;582.734;72;True
be71dbedb2aa3425fcb109f2cb1c48ea0234c6e3df1ad63a5df1ee82b337eb4f;570.691;72;True
dbf4ee88885176d8bf7eaed2ab2fdd31497343f05a12d1583666265f6f7f2f15;490.622;72;True
e67d02c887202378a65ecc16d2b395e93c088d8f2c39ad9c64581b1fd958019c;598.728;72;False
2be8e21e18a568b0c3155c5eca9ca297737be597bb9e92cea031b387327dfb4c;977.2139999999999;32;False
49b2e420e59aac429dbf460a5814461a2b645eb20f2387363951e5bdf6ebda57;949.102;32;True
ccae13fa79bdc1261f92201bc4c826f8a1d403716624b911711bd8dd0f49c8ae;702.8389999999999;32;True
bd7179c296472654ca93f893a6f6b0c39275f8e72683366cd517788afd9748fc;694.812;32;True
3900baccb3308c0c01c5897f6b99dd03553a17274a5a296230675b4bd73ca16e;690.81;32;True
d71dea768f20b322b6a0acc72fee0336b5e3333c2a97dc4c44d5e26308a8fc86;466.117;64;True
7ed90b546c8ec5dc686f823a16f5bc7ced671afada26e12c6d272bd3fab3e203;634.782;64;False
55cb385044231fcec5ae8ab84afbae2b0a15cb0bdfa826128b14036b94844e36;704.861;64;False
0b2f13b2236f57fbdb22a31585865d0d124e38224a007121ad5bf72fb28b17e2;522.668;64;True
3c6943a90440460e677c655253ec271d52d22453fdd107ac41c375380647d7ee;520.649;64;True
313f741fa1a781b599d3db20da94b7e914928d5b5579950a49e6f178249f7843;558.028;72;True
ba14c45c3067e174ef851e94a9b3cf21c4e4252553a9e84e9a0a6370375eaa47;636.772;72;True
fb6f08711124e85b7333bb3d39732db5fa6d13c99eee583e371e14a40e8b47f9;416.547;72;True
3e3674313916055f412e3d805d9b1f8f9f15102d808440bd590f30bee393649c;428.549;72;True
f01db2ff3fb49b55456ad5c164fdaacb3d4f72743216ac33eca11b62119be2ce;414.528;72;True
9169e6b1d07772b081de640b6706418ca87270a2f9d252625b2dd685cd52ce47;636.098;72;True
1f2540ee0e84511e13fe7402c8bcd2e109cdca4e18395020b6d835db22754099;422.538;72;True
1503938952f09e2d6d213e3fdc5c7858eb7be090aa4e18ad8e9b302ea638064d;422.547;72;True
d0ed79ead8b3b4c50c0a386b3f46c2d2b2a92e437dcdea30ef4913a57c77d975;416.532;72;True
024cb68d834b4193f2a790cf4b7ec1c6f1f750693fafb0cffce3291f6c775adf;426.546;72;True
0ad8a0a650543f0e50e2fe1372cb7479aaad1df080d32034a76a4a5bf51ceff1;437.935;72;True
54340e01372ad25084857fa91c9396828861136dd8f037b3ae681dbb9f0db9c6;596.734;72;True
87501fb6c509967ef342caa48d9c4998b56feb69f6c850ccac2c34fda697c56a;600.741;72;True
794a556ad5d202c0eb6a0e5f7be1b46e91a6c04212a13c5228beed81db537ea4;480.606;72;True
b9e362899aefc2c4419bf8680f4d4619118ce1c619cf08bcbac128410657d650;594.729;72;True
8cb7eaea933da04cdb878e2c8fa0661276613178d5631e5bb60e28e5cf777ba0;925.105;32;False
40a83c0d9a3c400abd9211cac3dba496d33ca4ba4290bbbadcbd4d24658cff83;706.828;32;True
0ecccc79b1a80c870cfa6c4d507e3c9fad625312e6e019b304e131bd27caf081;692.821;32;True
665dd71ff8e7987e999141258e8fa548f7ac8975b4ab1e40704949b1261f2a15;927.068;32;True
b7061a9df796bb82f41788fb5917a224038f02bf357f84e7dec72e16081f22b7;907.05;32;False
8e16be7ad72cd887069accf736000008534df96c984047026cb3cb487707daca;642.141;72;True
3c07567c855b57ddd5f39f080fc12ac00fcfe659e25169f89127e3d357ffba5f;424.547;72;True
49a055116cf9fb69da581df6078736e54404bd3c1987522670aadd35dd966008;430.564;72;True
4150776ee5b0cefb02ae31b164f05b914db69ff0823a10fc2e80d7528a918769;558.681;72;True
92d470ac8809fec06e0d876ba53802ec3e7f76ce8eba4b2522a51d5207a834b6;562.699;72;True
03d65239c43d6f38ae1183eed6815dc7396f76f5d33d48c1345bb1afbd1cf16c;413.942;72;True
582c1b0e2f15cd2ca85c8689910adda1dec1925b5fa39cca2d5fa8b9634e2a12;632.773;72;True
9ec9e805390142b102b3c264a88e6e11bff043e76e4b73b9c3c8f7e2212ab3fd;414.547;72;True
62c57e1d5a9fe702ff20e60e1747c2ecc6d5a95e26ddcffb0f42f639af6700d3;620.752;72;True
8d823ae1f5ab5bb5b3715b8e6e1827782f084b79b16ae643985bbd0b7b96c4af;414.538;72;True
9ac3ed7c86cbee6b09d7abce697b59ea6d88ca851dde0f2d3459a22db771f8d6;820.862;40;True
ce9c7473ba82db08ba5d7b90b1cfd1588845f912c324885916883d9ad861c7f2;740.913;40;False
49621ae1cc16986f06e1b8df0b3d95c421a6524586d592b61d371ec21f69a485;732.897;40;True
704b5ed230c99ecb9d166b7d6f04e7460729e3dbca4ef511e8448491c930279d;778.941;40;True
14b7ca53b2edb22a716c59fcbc26e1b2ee69a1c380007896bd193a9e8fcbb628;566.707;40;True
0c4787500cb049f40e1c39e3f249519acedcc75137db07c8fcc1191178fcecf9;803.003;32;True
6dd9c0499119a7fccea997d266a9eeaaf1f9dbfbca3d8d7197aee8d2cf9f1cd3;1061.21;32;False
343c7a34458579b797352e2dc5011e416a8b60de1144016d7b2fcbf2da8fb245;965.118;32;True
8261f19a6d45f2c4ac6ad50647ebd34254a10b0624d66d56fa0219c3e36f11cd;929.0889999999999;32;True
5386d66dc12dcc89679ad595da5a8ad13149787141d18cbdac09b30c051785d3;712.855;32;True
0966799f924034fc695ee183c2e12aeadbdd768123223cf222ee22f36d1538ea;547.203;96;False
4a2dd9dd28cf20ba9aa46db6c889277be138a7fcf5290725df541a20c87f2191;504.672;96;True
9845aed03f4adbee216abbb31c167ec0e11b7855b685994990867e503bf11a83;360.532;96;True
69cc148be8be9f351d012a4384aabfccf61ede5aa9da2babd89386ac29b87f77;364.55;96;True
0ca5a3b51aec17d30c853d5590b1279bb6920b7c97768279667466c82e26f772;350.536;96;True
8703daa1f04ceac4f999aa05744be952ddee1fd925decff1c8842b08d9cb3dff;913.145;32;True
8fd5f18c33d0b6cde9ae7d90d8129d293db679d4d73a2d3027c5ba474d07ca1d;949.094;32;True
ea9e15097d82ca65157a01f147a3b752330c8cb151f57b96ab3e61101c2f1193;700.841;32;True
b3af0cae5082e3cd427e21527488bf6344323879b30ca5757ea3b16cbe46bb28;963.114;32;True
5a11e8715ba5145e92f7633ec55a9ac5cbe711df7c1e9dab9a2f05caeaf0a4a9;696.842;32;True
d830ca2e6bcc881322dc9716eb941a19218019df0f4aed73baa65afb8ebfcec1;702.551;40;True
8259c474115ef1638278a430ef92872bf1dff16cb8e4d68004aada85b204a55e;714.829;40;True
84c27a9d96a41f520b1de0bf3ef88093bcf9761b45e45efa195b0f16e989e3b8;556.678;40;True
2575281c126fc2c65f3042681817de355db462ff678917dc7f5efe6be1527195;781.038;40;True
3e402f123a22c8a6df7aa57f581e7a3e190ff5f5b13245b97a7c673a694bdb6e;544.667;40;True
e5168ba3087ae2bd141a1da92419761d246a338518db2f61b5f4c9330f0048c5;365.0;96;True
2d5122affeebce3c2e6afe9cc85ae1d1121741b7231584ff76dae4820d6642e3;368.527;96;True
91e2f229b4b306835260a39c258636b748eeac7fa61e7d52b27d6c1bad82a471;350.511;96;True
00c237e09c76a0eb9111e4bf61e757f0a04f9c87dcaf931f854232e892e92bbd;356.508;96;True
4de62c4090c9c1c7c41ccf9901449b1e9936b90845eca1af3c14dcdd586c56bf;496.65;96;True
6f4409fd2ec803bcbb6febbd2a33057b3d3b90e01d3a381dd73cbb4dec3ee2f3;351.032;96;True
fc4d440393fd34fd9d8253939e54a5ad31a3bcafe3285f8552dbc913d698f3fa;494.687;96;True
6b09b25fceac80e7f7b299f287ed7be4ec7f7098b7fd9d285409139555e6577c;486.676;96;False
d1450c571adbdd1c6bfc0aa48117ee5d569611beaa1418f5ae87770ab1e176da;358.555;96;True
86db466c7ce536675b3fa11b9c3c3c31f165cb1afcab2a4581d94142d473954e;356.556;96;True
170078f5ed57c05c110b634a311a33c8e888bff2df040886ea0b73aa4d09149b;539.0840000000001;96;True
ea033ed1e64787a507bf1b94b64aa6d8675551114120d01b39f3796bc31c787c;406.553;96;True
146188dadd24b1549582a221d3358b94e501d79777ee306ce9c04e4be70efbc9;358.516;96;True
3648aafc7cce9b4d8462e6fd7149cd81a60063130dff87858df3aa2522a866a7;356.513;96;True
425f25aa47b96743bef5955cb446ac9ec9859cc921cefe83efd7de66afcc3811;356.506;96;True
708dd7fec31c772cf37721435f95c01c48c52cd6d1a4a2bf800a1af5a73c13da;508.171;72;True
1e16c5562c6b8e68a599cdcd276e2aa9ce4d3254768836ca88414535ad960e37;448.6;72;True
6e426b796c578e4c3d15f3c4761dc28999c493a66ede6231a0325053b5d03700;462.633;72;True
3165f5b3300ae0e267d282144e9481e5d33ca05539e7b3e68de4f57b0b922938;616.784;72;True
94a701d56776deca4f53cde24ee78fd5cabf4711f03404016cccce0284c59cc2;698.866;72;False
11ae3ff55165cd75a454410bec59b8c2f9deb729c8014dd23de821b3d4d67b39;532.406;40;True
d5b4eca69fe6b341c253c56afca1cd0e533bd0b353a60f4f8568538a0044e3ef;710.836;40;True
b94089574cafe180c984dbf8dbdfafaea6630dd42ded78fc9a2aa022d69b2b91;612.737;40;True
5998b9945c85eba7f08eaeae5f9df9e9cb7976d47e7eb3f9ff7a20c35e80a6d4;808.937;40;True
aa5a39cb3cc2dd153ed7dbc5af7671d8bae95d9e92a84fed984b61200cb94fe5;536.659;40;True
db282d817fb71850a87b93470aff3f075545f6b3e0438f6a0ad7630003571c3c;1053.287;32;True
330d1c1a00e0c4d2f502654ee06a8e59edbf04f7f53f82b8dc651f2c6b4c81ea;778.91;32;True
1e83ab5066244b70726e8da4b596ae72aca47356d428a433ecba2cba61bd6777;694.811;32;True
e353e5d18c8af408634835180e849884ec30025a4f1b698bcb1e2e3703a35053;772.91;32;True
a5cc50079a6a0390429ad8f2d371e6e9c87c1070244cdd70bbcb99d92412416b;993.146;32;False
8a023fbc6f1f2505f7c2ddeb1cd791b9580877754d7dfd09ede6384127b2186b;552.379;40;True
5d8f7e4546d1aa49462f3fdffaccc3c976049889eab262ebefd2481f90a89769;542.648;40;True
e69abb3baa2d79ad5397987030abdee5052412a3221ee5d020de236746945c1b;742.857;40;True
a9823f722ddef99d84405b3e15e100f300ed8a47051b04cd7a8f39dece6e3ca0;724.841;40;True
3a0d59b58ecad7e29669404d49bba88caff07d670ec4504a7ccb153ec1010a65;738.849;40;True
72a85dd6f52f6e3b086f216e487f3ea72629c439dfdc44a7e7ef17d4a5cb8c20;560.618;48;True
ff2ffeaa5efd697b52de8872322677fdc6eacda72a361790cac248ab6f222b6c;748.962;48;True
ffe10b7745d67d596b2904e042203020408d2b47f82c904a6880cfd6781588ec;792.948;48;True
d6331a07680f37d0e8049e3f09d6d882208e4a2610cce1435e568170d4d9b6b2;720.875;48;False
9c057b7d06f8d6baf6a24c7987d89e0f888576a07347bd2c23cd8193cad760c6;822.999;48;False
65b45c743143603f29ff2cf23bd726f8519b705b3734731970a2c601533f2bd2;686.579;56;True
7b21c66defff5ad9dc4508275fb4d1b05227ea037f0e5c7aea9b253cc115e814;586.775;56;True
a9f39d2096cb767dac78e23eec5c1bcff8dcd2c0e41d557d8264d9f83d23c612;784.973;56;True
ce14c4e1611a13baefd5387926809c4ea29e4998d58bad0709c5f61e359eb633;732.901;56;False
60345b82a4dc2ea1cbcaace935c2d10c8ac3f86253cb511c9555c3ef934d9b87;750.94;56;False
02152752da657da4af2af356ff8536934748a565e357940676884c2a57902530;604.427;40;True
b438d7087b9f52da153517247f0d61048914f336921fe9bd4d8f1c73cbd08b63;734.846;40;True
b780bc4f610bb9c70a4e17fbe65ae3d835751bb3991c830de0ca27f3812f3281;744.857;40;True
a143060663441b0940951ad0075cf1b7aa6f92b448567686a52ab4186d637642;546.652;40;True
095cb31443ad562fc0eaf199d3a50a7249e0c69487d62863478adbce68a9aac4;532.635;40;True
d9f11120474799d52d8862d943501f640aa9d07a34b695496d87a2a0d2bcdc82;550.388;40;True
207d0d288d51f391cbe789734bbec0c94af999437ae2e0a7d86b2652278c9e34;552.681;40;True
429f333ed746dbdabb53a825a3826bc3a8e47218f7e6c146c8955064c9753a74;616.736;40;True
363d34a76899392e5b37568f26828f80029b12647ce5d85b51ac3a1f67f51204;548.686;40;True
879087be7ab4a28a4b9ba32e412284be70e108bb9cfbf41ae8f27f2f43e5b6cf;622.746;40;True
d355593309eab4cccfabfdc9e283daa2ed21a83f323d3daa08d4550af68f7e9c;728.542;40;True
27735d5e5766aa3cc9545dabb48038abfa8df48cccd1e51445b04306dd2a3c04;728.841;40;True
925d43fb98ed4b9ce02e8d82cf44d5d054d9e2572460ab5e28338fcf185bbd70;780.914;40;True
6a5d27873b158b961b2d9b1eb9c82946fe378f8916aa253c838c7748fdb4a9e3;604.726;40;True
d58a69784410bc0e8b837281e7858c3bfc18c91a91b9c98e57365b8b77a80a1f;548.661;40;True
2c9085e0d5936ffe3c0b6f8a5889a3218a2b848ba290cf6955765fa993570998;714.544;40;False
ac1258852867dea88ffc27fb87bf4fce4ea37cf9c1392b823c32850b8ac64853;708.846;40;True
0eeb8ed3516dad7b4ff436669c1b6eb4d3d5c2b40895592def34894086247e8a;736.873;40;True
a0b4102a8d3b76b726831d65729541d799edeec390b531aee80b0e3cb5b16d74;604.722;40;True
3de409149d0c1fabad8219ee961eaac00108546a0ec34bb9f8694d963803bfbf;694.9639999999999;40;True
1856a5c7995b9e96041ecb95ec05830d82ad4b28c0fbc6c9ff02eac11df39c4c;562.681;48;True
78d063a3a8fcc031e627ef880b2ed80c499c41a971bca1e4e7acf4a1da04005c;838.983;48;True
d24cac391e709fb195be7d0d1ffbfb07fa77b29d9c12193aee0c7f590d916bcd;770.931;48;True
c19e83fa6250b27b41702155700c1b033c09c1884787039d97a477e2f156b745;806.957;48;True
fffb6c826e94ac7ab0dbb8641e942a078d43b9539b5298d040cfd8c75e7a0163;554.687;48;True
e532b6ada24ead0e38ae69b72f4aed7670a3db74e49ae167a2a2f6eb3424fc0c;766.821;48;True
cd5f0844e445d6ab574976706eb2929d22072940c7433eab15c9894501181460;756.893;48;True
2cc76d6f46de36e1d8b6b086337c1f240dfdc2e049bc713cc4fd9e9564f2027a;618.76;48;True
3a4c04b72fd16758e6b9ff77233f1b46487d8452843d70c41d0be76fcbef6d67;754.903;48;False
31d8992c23df6e90947e0a7c0f9583fdfee41275a058386665e21cead94b820c;740.894;48;True
fa0e52eff8b34a07bace49aa8198ab92bc6014df0cf0f6ef49606442fa87c6eb;600.499;40;True
44d35435b10119f3f50a962c87ff487778430984fe0ecda140a1a54f808bc748;776.898;40;False
f90f7471236583cf7ca63a94605bef0ed50bffab470de9e42c00e4f4ec69f645;700.816;40;False
11d71adbc3c6090887a5b1e8669ca54f3d9e09aea3c5dc84cab71cbc559d3ef8;706.833;40;True
789422ba867e478ce1a24078c722263ab9d638770ca8556625839566f4fb0b50;604.728;40;True
0d61eb2223760c3b630797df555ef40ec68ae2e2a4e5f728cb6b710a7a443036;744.765;48;True
830508660fda07a6fdc0b3c85bf163ecce4e8529f83543778a290a4f6059e1c8;760.893;48;True
be1bca78cb009beb4e97b253db01943325de839f866a3a8de9f7621b83b6af0c;610.749;48;True
f374ec7a3147f574db04da71dc55debc1bac094aaa849fee496cc75c9081efda;832.974;48;True
65249358b716d0e236e4b9b958145dc2137d380bd674c5891cff2f7bdb6f263b;758.919;48;False
bc86a81099b2c4a6fe8fbaeceb354fda9059a3f1e4284c3365aa981ade54685c;394.217;256;True
44a57abdb7a390f523a337f94e2927f976b9cefdef30fc0876f1992483b2cb0b;392.618;256;True
fbe88e95b14e3f0640aed7554450a602c7a9f2ac0f6f0c0d000ebfebaa54c2c9;382.58;256;True
3c305385ec9638fe24438d718fb23c7abc69f3eea12d9d5cc34aee4e230e72d3;442.656;256;True
36409855586faacc4442ff8f04a4bebb7ce6a9f9e1d02b462a68b535da97cd2b;438.652;256;True
f04ef681338f874f41d908051953de2251871df7ef7a11739929746c1c9820d2;788.688;40;True
54a812ddfeba19ada324ffaf9e7872a1c11cc3ffd2f53aff82440d19aee2a3b1;610.739;40;True
2a67cfbdbce93f4f9cc5bfdf8352013a6b7f37bb1c738e15319f0ae41ebf0098;794.919;40;True
2e14575792407b527a1930b72db47bb7d2b4537ff525139b522561acaa6ee2f6;550.681;40;True
4217b73e728d336d452df6739976df449cb5ebaaf50da4bfe14a77e5d26da29a;600.718;40;True
ba627dfdd52d0df4aed1df281fe6662374735397d53e44a16e7cf28828ec140f;840.909;48;True
07b1e2f1d428b3f1da23b5fcfa1004722e1af0e67277e1cd3340c0279acf4c7c;772.905;48;True
75cd5be6633f05f9bbb855e2f92eab9b2add570f5cad5fad9285b41cb8f560d0;832.978;48;True
d01f253e4cb0192071ab8b016cf02e3e4ccd3a77f74ca007f212af9aabb757ed;626.768;48;True
0aba3a1a04015100716c74b299c3b5e26bb40474b85cf0aa94b238199bab730b;794.953;48;True
acc932a4c66f03b1e2863c9f2c8d4d713a6dd6d228378cf28d26fda5df781bcb;728.483;48;False
44f799123c0fb04fdbd505dbe24182de078c919cd1a266543c9c25964f3babb9;594.725;48;True
8a4709269a1982174652a20cbc65958984de19fcda912e49591d4c50f85015a8;764.881;48;True
4f5d3373a84c7a07b2581c242af411e1cebb1b2e896f7783ce6e7a45a06cb9b4;730.877;48;True
8d9771e13536bf2918f706bf85084c96594b772b39850c68970fcddaaa935d65;592.741;48;True
f43ff3e5da53a14c2ef8bf419e70aef860e6a1c7ec373391e6f3738df7f909dc;642.127;96;True
0bee021c811cea7909ff042eb15af09db9ff5b816b92b04e874f40ac7e077ac2;424.549;96;True
1dac96c65a35d319ad11bf04084c4a257bc5e856c5aa8a76a9a7ddbc706f4600;428.551;96;True
bfa07fe654c3f99bbfe8b95df79ec07a18ae80f5ba63d1da27e836f40f6711d0;478.60699999999997;96;True
61245aa765ec183c2956232b91b237e776417f3782cfe04e7f356126b69089ff;468.598;96;True
0b87e488f7aa6f1c4c32722051b9c4dbd1234f8bb8b48edab1320aeb9974795b;634.801;48;True
b755ad9fd8dbf829ef4cafc352c012b8f8abe8b2928189d0af25f33ca74af373;738.873;48;True
07c3ad2192ed2554ed61d769f4f679f34ba4a4894690049675f82bdb8c34b180;804.932;48;True
a9ed64c56248f10eb443568ac166b16e6a3c501586489a773566df3969ce6f9c;726.862;48;True
0e21f02117104302b9b3e5f2d47192e0403afc2ee6e87969a308b66629df9e9c;624.756;48;True
c1a433acb48c125eb9bf6b9b537494ad8f7412d2f42b8da308ead622e998a6ac;433.896;72;True
93fee58fde3c6ffeda94e51264ec9d9e146b90479a8208175010b47db9b52559;422.543;72;True
756cdc99b45730d5555b6126c3064e1e5e240020794b747148d476f4e6371c16;434.559;72;True
b7d8b0601f84336eece2d6ee18c535ed01ec4b261f8c09420134753d922c6af5;490.611;72;True
abda9f73e50b5bd4b8bb58e966b05c2b9a63953b92b5c5924b77a9995c213d16;492.617;72;True
8a5bc73da88d84d4177fb4b8996a3449298b9bd1204e9ef456d1630fa7a61773;554.715;48;True
8ade6bceffcf725cb3c661d4b1071bdd294325691012b5716180d820ce7e7d37;562.712;48;True
c4dbd4c0b37d541c0773e77e3750bc8d8a16363b174e7d055967ce9133298984;730.878;48;False
04bc8324a4f99aabb8debb6ce77708e51b0031578263309e15bd5c084e140d55;724.871;48;True
b8839d70320d4e9dfa71983bea2a19d49df6b2fff340da6b971ef1c00ddbb53e;838.974;48;True
15cbb32efa5f5db467b601cda64b21f57fe54ec77ccc4277f655300482f127e7;489.942;72;True
27bebe95def04e9bbe88e650b41d1ddf7e240499600cbf526a4f5cf8f0a4c7b3;420.542;72;True
69c31e23ecb05f7a7b692631aa1a75f7ec65fd6101e12239f03570fc522bc770;424.547;72;True
f306ca4a4f1908dcdb7aa93039bf4a81366a8b17a2760bd9dc4bcbf5da88f49f;586.716;72;True
c3ca49c964655fab28cb2d4600d304b13b58ef1edbbf33ef4a30d475a2a02b8f;418.54;72;True
b91762019573650e45a9dea0dec8b9ea452d137132e22698f093758a3ce1ad59;630.514;40;True
93ae6598d095ca04984891fa32f61809a3f8abd6f3cac308068a77ddb2d8015b;710.838;40;True
c4fcbbd7e266a977e3c935dc557b2309eedad5000d32dc36dc0da299b1d043b8;716.841;40;False
6b59b6dad8c442c29761c61f2747b69d2ed5fecbf2f1eebaa5dbcbb71704dc4f;546.662;40;True
3d36e54c5863e5b98020892fc17cd6b74eb083885f567b251705d79cf448e4ef;798.922;40;True
09624b95226af9f2b923991800034952429ea6b84558f932255baee93ca63340;415.841;72;True
df97cd0f2055e320d10ad58d24c2fa77571bf39b4a52b8ef2aa79ce3c30d5664;482.605;72;True
72ebae07e29282cebdea0ae938bc954d22f4aa79b8c377cad18d2c9523926868;542.674;72;False
8a1a7965cc6c38629803925e24e90eb0d718efe0c6ab85387284ed65f6e9f537;416.528;72;True
9563459c0259f3e4823d7ffe7d90242126773c7f491641b17b6a56f8499756bf;542.665;72;False
43499f07366ab0e4d5286ea15ce5fd97ecdc2125a5e35207a6be60c5ea351603;788.887;48;True
f92e82811ac20b17d36479673b8905a5b0f0c5f078901da5b315ff92361cfc88;614.751;48;True
8cedc1bb5efc91afb2b413f43e114164074c3c95c5ac154704ad43c9dc0b6059;560.696;48;True
ce0f795423d3884a482ab468585fa1af2429ac3c3512cabaf600303ada8e32ed;552.673;48;True
a168e6fd0456a38e3b4a6676bce0b422ff58cebc27a7adcaa5daeb527bce7d19;550.677;48;True
7f3ca8e57fa47d69ee6a7ab5d41950eb31354069160ec5427fd1353081f5cf30;557.998;72;True
8edf1e2dc909c7a23d1a6271e40250bab5368da3ea875af1fd81f849121643fe;420.54;72;True
16b3ae21e14be064ae2478c2eb7e8dbff389174ef86594c22630871110cda4e6;416.538;72;True
9ffc67e28bd8607e9ecb86eedaccf215fbf62db4726f99d26c6029134944b267;604.747;72;True
95e28aa2b6c15bab3b634addd3618a36995739974f18578c6d845083af03514e;424.55;72;True
1e41058b12ffda257cf3ec89bd826a3634b9fc3fe7ac60a4c839fc2ba8f74793;1053.234;32;True
df740cfd1af2fa4121bcdf51fcdfd4bdd05334be4f3aae3cac598170f259798d;714.842;32;True
da541062bae6a085f7196ecc1532d6a869ca7a7306188c19cafd0c60fd7fd640;979.138;32;False
b2582ca393a012159017246176eb64a2b95506db1b16b31698631a044b15a8a5;919.058;32;True
ad3236c11a1bca89e98da4b8ea5804c7746e9b957b6ca9ec15bc398c3cad846d;909.064;32;True
6f93d49eeb87e8557356e384d650085bd9f4af059ce542491eed1597d31cca65;355.043;96;True
8629d7362cc0387006444d0039027aa26c3a5dd396a49cc6af560e0e4679d66f;400.58299999999997;96;True
653cf96d978dc7d4c0ea56b561ec1ee001484d35135ad8fb5744867d0ce9aad1;352.528;96;True
e9369f292955df54c9488f3609fe62306c13f3e8d318c9d3d170c58d82e0c00f;390.577;96;True
d78416c92fc4811f8e7ca40c799564dc1618469d649b148094b70fe89390cc26;484.688;96;True
355fb41a0d50c30d01c06245cdea8735a7637c9df2824c635c2eefc8bdbd90af;570.073;72;True
e58927bb7829dd29e603e257009a47b534e9e5e7dc816796671f09e2dd27fc7d;424.548;72;True
fe99da47da97a07e3e3798f760b331d2fbb573f8b17af74ac13fe0d97bbc5edf;414.53;72;True
9fcd10b89f1636957b99ab3e4594a52ba61275feeafb8cd6e25dca14d02dfa19;414.53;72;True
a2d17331c83e47682f24da6d543920a6258546c00eba883a99fd7a051964cb95;554.68;72;True
20c0a09d7f3acf5a088ead165163da0bea77570d869de47a1a926125b892d619;542.553;48;True
ce31fdfcab816e2a3786d5eb7962a1b146323974b7ccfe9e51138a2238350a0f;712.856;48;True
f4a6f538479b5da57ad5dd41831b043fb74849e6c842698027fc0e741316f523;736.873;48;True
ddd2a8ef2d95d321521ae8d14f8092c5fe82e0a251d8ef5fda5ddb83adc7f988;554.686;48;True
c2df8103cbf799b0c34aba42bebd269e2341c4b0f0c75a4192eb0f5beae2cc3e;786.921;48;False
b152fa5e0565c571ad7f59c9e11144989b45d38773f184090a1406336da4895a;425.875;72;True
78d49b2ea1b311a5eeefa51569da42fdab3a9420c1d573e7116126526349a7db;426.555;72;True
8406e42d8ca744976297cbd684641a5707ba3be7ae7a094c2b3e2637d95d16fe;558.697;72;False
1dee1f5ed3c55554a68cf4b1035f4e6a2252bc8db9176402b18f5f5eccca3b03;492.618;72;True
e9d76bd888cfecfbc6e23a92cfa6173c96b52b12d64af819756be5b20e1a32b3;562.687;72;True
810cc7969fd5cfe6e12e433beb4f3f4a41fc65a99eb625e5467609c07bd11814;622.702;48;True
15300be255e9cf5b41318d972c9d7ef461eed83b94a2165a36fa0fa8b9cae5cc;628.773;48;True
353d851c54130a49bc5cf8be3577f7446287334ddce44dbe2f47e2a91c04e761;558.695;48;True
9d92b5d42f9ef1a06e6e17ed3e113952128def000080432dc18aee81b9b85993;538.66;48;True
3db311b963c53b5fe08060d0e3e79c04dbbf5b61324ba3fb16564714604458da;786.929;48;True
74fdd74d40006c1eda3210f09233f4a1419d039e6c7c96896718d87bf699a563;758.885;48;False
c3257a4276193104b00c44cf08a2638069a750b65d9dbb2bb5d531030bcd6db6;626.75;48;True
ec3f027cfb2fb0658f001efc41553b2084b14db7d14659946df2323cae37dea0;632.77;48;True
561cd78397425940adaa27da1350ece557e6902754f67e50af86d219e0537dcb;808.962;48;True
1193f86cb77a48a719b7668a207d4e98b0ed1c97bb1f8b568b167d6054b1b2a0;548.689;48;True
cb0f90cc5a86dc4ac528363e39e7d43b05a450520a984ee2e5a667fa5fd382bf;371.07;96;True
c3afdac9bcfc6244cfc2571c24242d1e21ed9401203fd58c9eaf1e94cfd8ff16;504.703;96;True
7823f0f5202ec827ed798579a464cb96a298ad723b79e6f4c990ab4e11d65795;402.609;96;True
6c3c5f51b7c52793397142c787d04a3d2dd2831f67aacb031ce4619ba23dc29c;394.597;96;True
98771e9d1ba7c8061a8a94c8319a4183e4623c5ea9c97273a4ead75acab4457e;480.689;96;True
ebdbd27189824ba40d9cb14499581c1f2a3c743cfa900aa374c76d3464419a92;425.927;72;True
dda939709fc9632fe99194a55d57bd338523374867660e6e628deb085f8eec2e;612.754;72;False
6c5a0db4f58f5f36ace370f05ec4c17e52d51b8fca115d841845a1fd80edaa93;582.72;72;True
1868845e5e8d80c07d77f91f690483cb434fabfe6e4c2157e411b11f8bc597b4;426.562;72;True
715750cc993d2829998c1d16b18dc64908e303873e07e590e42f79fbe8a852cb;424.545;72;True
030362bbc78dfffc7bd8301977af5903ab83e44debc5e8337125decba4d53541;499.095;96;True
deeca0f50fa91f8068c3f3b56c990a674356b30b642008ce7f6977607c241a76;404.59000000000003;96;True
48b3b32612aed5c783f6524170c82c2a8235fdd33e464b55d7657a932e5f4b16;358.545;96;True
69e4324ed70f4a9e297ff5771a198c90f376fae5cf451df57e646060a9a414b2;368.548;96;True
02a80dc0e755c4bc17a4e72677719cc601262c66e9635350f84ddf59bcf2901c;352.533;96;True
b95c12c3c2ac4e879f7bda4f94d1f3e7b5ea65fe8e494c3c0996bd9d1ef05c1f;525.162;96;True
1695e280a8a57843a76393728b96250970ede75266d10942e7c42824b00bc598;478.636;96;False
33ed5b5116017043ca6e664eec40164fb72cb04d0c7086c2bbce1e54e5c5e858;410.579;96;True
f776cd72826dc56ea06e974f013e2dcad0c23b65671c8a55682f550c52a0b4fb;368.536;96;True
eb5a3274a786add8ba9d890144471616fc74e62495668e01edfa4a406ed32767;370.533;96;True
ff6068daae2839338ac540d13ac3ccea23a08d7a46b1e42f1cfb211762ebf943;426.014;72;True
d09705b7d7b7743e139549ea5def7cb8c5f482a085b377591833d8da3c0654a2;548.681;72;True
4e1fa002512e687e69b347f730fbe7d0dc6ce3dd8abe3f164be4d782e4daa68f;590.728;72;True
fcef5865f2a7cb0288e914d7d56bd0c5c7b44a1a66430acc0ca6eb2982885d87;618.745;72;True
459be697b93a617a2538a9d82d3a2db37cba4752535aa255da55442a3702e1dc;642.771;72;True
9f06f3c6dc6409d944f781fa4e4535995ea3673f5128a1ed299de726af5619c0;638.337;64;False
ab26398b454666ce62aa1f9af4fc913bd23521399be918a58505cbc29752e6ef;528.655;64;True
90b57473bfb160204a56d07830f2ea2aa3c8e5118f08a8cc4a647690b7797148;608.757;64;True
6ac28c1bb88c61550189a06fe1e77e7ec444d1cd5355bf5a34c284a912dd71db;626.775;64;True
cd522d11f09e7955c1db64975f62dae75adf3b3bdc4535913dec134fd13100de;606.733;64;True
b91bd77bbffd3b08b0b48ee78737b5b3b8cb744f5260572e83a63e35711920fc;411.891;72;True
a22e05228a1d934f4cf82e846b0b9eea97fdffe335cbeac7912b75aa8968b13c;582.71;72;False
f9d98e0f406f9c6e62b0f47e164bcf7fcb9d835617746d84b4f073a1a113453d;642.789;72;True
7ad3918d2ed16bf4615b8eb451467fd443a829d730391773a80e8e21b5211708;560.683;72;True
366c58db4d3b9776015973df5afa671ddab4a3117df9a464b7b48826595bd012;416.537;72;True
ece62945fb745de06a4245fa7dad9f6cc01ecda3bb69a6ea3b9a7fe42c41ac7f;824.905;40;False
284cbf169c0862efd1204c9a8d243a110a8b16c9f56a4a1780533d522f562ec1;732.917;40;True
8efa32a734abf70eccc00c18cc3b4e497a2c5f44d434ebfcbde4845d95db217f;566.709;40;True
fa4372afb01369ea99959a17555fd1831640f76ff226d7b47dafe853ccdc965c;572.751;40;True
af2fff6e29e794b36cfac4ff9525d73de5ff91cbe4d427b3568f72907e39d275;768.937;40;True
41c73a31713eca57e703c1f55fee5b8e85f47a9dbddb8d51794514ff6c858805;921.155;32;True
df3f7a57d93a467b90e93d5bc174d7a9cc0309d10be92b7dceb6127c38e33113;714.85;32;True
9ee270513e71fbc85366541193a5bf9abdc8f7a06fc7b4277381476df8a7b7e4;686.808;32;True
0e7b99448d3646d7e291ee82b015c173a9d6c4914a612323a4ce07fdd2d1d8a3;975.133;32;True
c84c1a4ae4276d9096bbf38202cdcd89ee4ba2bb71d0de076e2caea71fadc359;774.907;32;True
00fcd5f1d62dda97980a7181a73be65bfd43988827059254160d5375d30e7664;602.466;40;True
0e938a034aed74ad27c2f4835e8115ac0cfae115d51085a76afa0ad40fb5d011;614.742;40;True
2333a18994e7c4fc82446f5197997e72ece58ed50b7911b7da3d21da03f0ad8f;714.843;40;True
faa66e85d6828f82a7445ab49eeb3cac7af2d1df738194a4251249fea2e2c24a;614.737;40;True
587001df4cd1d9c2b85cb969103065aef2c3691c83c28e422592c626401cf92a;736.863;40;True
ddb6c0eb05ead39a2dcbc6d48819c366a2d851d18f833a89187366e303fb88bd;800.649;56;True
850e4d92a370900eede8982155772f1ba014ab468eef7c55976bcc207dd19ff3;530.67;56;True
5831146186018fd3933f72943bc63d8cf4327627e317879f1f559f3803369495;706.856;56;True
74ca50a25c9a4d9075fbf58188ac2018bb0499037e8cc2c9070577a6bd19bbf6;524.656;56;True
064656e1b4f291fd2e0080b36a3b72f5984d22d21e0e67e0f436f4086c587ea5;684.815;56;False
83a37e2585d8a602087385664f30937412fafa09872322488d772eacb05fe465;608.273;72;True
c12c677913526f81b54c64ac2c296bd1e90f4166c71504d3f2734fb32a1530ee;450.596;72;True
164b7b983f3d3c73be63b830a79c76239d956638b677998bab4270895b87a693;674.851;72;True
8651c13bcf436da3f0ef2ebe019cb6c9c5afedeb10c2b2f475382ca96b239fd8;626.794;72;True
518d1c9c8635f4f561935d4d186fc9b4db7b576efc9131e0d6fa59db24e642d4;688.855;72;True
9622811711b8809bdeedfd2e2a2f6e25d3137a0f06eb2deb8da3c7a9f3e1463f;810.651;40;False
e12123d619dad2b66b81d53b03ce693e2ede0968a52325ac9aa0316c6d7be78c;718.851;40;True
c3c25344040e1400cce35ae033d1347ffe99a494cdc516094ad675b8b7d14ac4;596.718;40;True
26a24a99906f7ff42fea58a69053815c9964a12eb0ef1e3ae04de90a155b0a57;532.6610000000001;40;True
6f9e1875cc254e45700f674311e609ff7528ecd6ea9515e0ddb51794f6dbae7e;598.717;40;True
10e1ef0b2393662580c2875bb8ade719578ea444357d96f0c709e74638938bad;808.638;40;True
8f53240378e3adaf44757532667eac41dc1254803d6891e3cd73777eafeb7ba9;616.726;40;True
a0cbaa98281fff16e445ffbbf2ec127aa124b41a2736fd1997c20aa35da80cc5;726.837;40;True
0684fc36a34b15b2207e279359d87410742460f885bdaf80fd108a8f49fc2b6b;780.907;40;True
460b863e22c924199ee891a0beaaf54d194482f1a281d930f188566d489bad9f;696.813;40;True
1badc0deaf68406adbf54d277fb5976467965cff8225f727f4881258255787eb;700.889;32;True
c79d78410a8de8e08f275ef67c65ec95bbc20bb6ba1cb79d5ffae9295cdd686d;706.84;32;True
4c50c151a64033519936316dbcdeef7787d07e5f7506c0e052977f4327460b65;915.063;32;False
53c7bdfc3a2370d578fa878e93654855579c4d6d81270c3884ac156d0ca9543a;788.925;32;True
705cebb9e8ec8dc6693689bd1e60aa09efc3fa33f6ed2a237e2189a8da98942d;973.125;32;True
a9ceb8b8fd7566767bfbae7b900a2a4995805294dd0c08e6cffb648fc6c49a91;556.361;40;True
40de60a9979d4dfda8ba551d9c7a7ef1830e6bd78e64684b80017e9fce707374;548.669;40;True
97d327d91fe9a0584b76a1dda5b66dd6c1a80653b748d5516a2ee6da11af5e2a;716.858;40;True
0af6040ed01bc959682b2266ecc566c2708723d5a179ef6a1de31e385e50e9e4;734.867;40;True
6181deb32a72403494a070d075b035002906e0849f41c30ec0420d2f3f2e3b38;544.651;40;True
4fdbbcc7766fed7708bfb1459fca9498b758f4e81aa1d1d1ba0f40d084433f8f;828.866;48;True
81d071a97226b847284a57eca10d43a84cb895ae29be20a9a8d8af51b4cd5dc9;718.861;48;True
184283f0a8269ca249d33384f6040a63fa2397e428768607070233c4e74d8ac0;718.86;48;True
2b2c6f6a031d5e90a22e67b112b16dbc44127878082558fdebce62bb30f13702;818.966;48;True
6db060de8ef554ec8f1f121f4aefcd075d9e4734afbcd352db9daa5a00eee5b3;734.874;48;True
cbbe49bd7e0d7fb2dd864da257874583eb5ce5d6d0b78f6ca8a1a51f5edffa35;780.602;40;True
a88ece3949a75d78631a2042b015de18e3e57d4b0a05394950c64bb7cd427410;544.67;40;True
bfae8cd1ad5c0567df2dd5e1baddc78aff2768607efe6d213af6271c205c654e;608.719;40;True
a38d5ab6708363f7c1d4b1583253e0ca744f3d5f0a3c036c7a35275fe7f74e35;530.657;40;True
d93e080f9c5c43ef17234d2268ea9a20d9aab52e7bac7e21e656dd41bf42efc7;804.936;40;False
4a5ae0b6d8dd9f448815dd08d8f8cc11aa2afa01add261109d645469e3fb9c46;473.949;96;True
3a5867caf99c1df992bc4f46195eb8878af93ce6a3ee3b7f56c9ac5722d460ad;418.552;96;True
19349906410b4fd0f751b46c0f8d203d92350c86602d5c8696036d46527e93cc;608.754;96;True
b0621d7b343e15da0bcef831f47d918efebdf051e46fadcef8849798ce7009c0;566.71;96;True
335498e3ca528094862ff81f88610ecf1d8b2c637abeaa2a9bf123b659d356e8;422.538;96;True
d69fd263f273a19658659547a34a49942173f7a4c8490ed2251825d9baf38b87;945.183;32;True
fe34db4beca4a51042e4e17a175775288a3ab870905af8348e54a3e35034bde7;905.053;32;True
5335bcd46272cbbd52abfadcec84b47e8c62426d28b6886d11ba14330dd22dd7;796.948;32;True
e1d59a78e8f319edb6824e8b52e06e470aa40f9fcca68ce79f5b1c037c8d2998;790.957;32;True
ad55f89e807a1b8afbf2145e93f2923d9373726119b5697661bb56b49852d04c;692.828;32;True
812687171cab957b157573a54d499c2705fee3b14e8037186ab62a0f3488c818;564.057;72;True
4598de02898dc5b469c3e4a8520b70defc5522b56c742db49ac7f4ff1dfa3d93;430.551;72;True
8fb626c6e0db804de93d6fa922de49f488163ef7662f2664e134751cacaac63e;422.55;72;True
cc3ea6fc8b5ba505aeddb8a3f9762e1040a42ee84fdcba849bcfb33cd730c70c;554.693;72;True
efabab0d166696787a44c4ce7504d68cbab410cde6a47105922c3d21054d11f3;432.56;72;True
b0622491775c7cc1e47273aba41c1df42641852657859105f6868600dfa2486a;403.077;96;True
d68bd32601fe2f6f3092e3877ba0acdb615e0612027f245399e88509442830aa;390.561;96;True
f5931229acb539b750bce1203d0d22d8e04bfb46274d9ee9a66000049bf2b26b;512.712;96;False
3987a91af02dac2a0e3bc83c96199c7eb2946f1bec1668bf9ba8246474948df8;512.724;96;True
81e14e4b8b5dd82871fbf9f258e7f1f19b096a41165d733aee88b509b6930a78;360.559;96;True
bc5b2602dbb6d72fa9f3e806ead7dd6d3f68ce99b5888457c2404047c974cec3;903.954;16;True
e990d86eca1791e44d96a91e5a45db928f9c1d6ab3eda14172f71d3e97c0321a;1243.407;16;True
0efc4cc0f12724cccc33596a57c00923e8ed4e6f46059b617cca1d8d721e0e87;981.126;16;True
b33c7a0cbf37684ddd1479e6a25c5ce4c15d257c22d622c5700d39ed340d0734;1255.407;16;True
3d973ab36aa16fbedb41fa529f88b81c736803f9d035d42ca4d26f3aa35ee626;1363.524;16;False
6f9389eb0a4899e7e2d9a64e1a4bf01e27fe4d7455db86c181a08bb1beed85f5;542.416;40;True
041fb2f4f788306e0b1db639ada91f496686ca61d8e94f53a7ffba73bebf90ca;612.734;40;True
66837179692d7ca0201777a26340688748add4d824fb41603e4d250229d03900;534.657;40;True
d3fe0d1cb7a5c29d20ecef454a99881571cb018ffbf34cb5e200589d13858393;548.687;40;True
dd4544f345de8a515a1d4d590167a010afc6e3e7aaf8131731d5ab1a62792ce1;536.654;40;True
0c7beba1bec8f4ff1c5ebff7e2af248230c4ce91c277751ff035fe2b84549194;724.934;32;True
1ead45b6a3eeef090dcc5a9a45c74748dcb1512c4b1b73342c14693addf4bad6;692.828;32;True
7427f4c769677e9428c4999fa3647bae4f0548265e0d7f45ec4e913f95397fac;1049.197;32;True
12cc6991f2b55ac11c33d2df829af2b4fed77bd48aa0315d2277497d1d9b0b55;708.843;32;True
0ead3585ffc2dd5c5898461e08a6b0f6d15b9e1b36ea1fb6dc100cf1761fae41;1057.214;32;False
1a284909f5a0c4af6dff9fa2d8a788ae0b873e48071a1291520e55073ef1ccbd;566.633;48;True
a34935c87c3fe0f700a18c1894570f016ec391cd217084b3247776e670c73e54;786.944;48;True
3c184b94e62e0a40b132d42b3c59df4ff179eb0256444d37c0251182a16006a3;770.905;48;False
8e048e75414f3d974e3873618e61473eb4d29057497b4abad5d0bb611540874f;612.804;48;True
330993a9fda662389ba53a1b3bd6bbbfdfff376fe6295f47d43d311ba3812a97;732.875;48;True
78707444f7e62c9fa8fd9667260dd9f5b98a0a42076eee9f25c46f80bbc78282;708.637;40;True
ebb2dd7b060ec707bb458be732eedc66856d1e1965af8dedc4827a26c69d9257;538.655;40;True
b41410f9f5c75201550ed8b93335347093b03a9129b962b63b89133424557b0d;796.94;40;True
952bc39b69fea69f88a040dc9c929280ef1a600a940f9ed01194a2c2309fb4ef;744.873;40;True
1b0426cd33750d5ac74d40d4271d545319581c79630cf8386230073dfb4bcf13;700.815;40;True
81f5eb0b9a3c2a5922e82d903467f054123d89cd0d0a73ad4f602d20ea6a8178;542.398;56;True
b8f84fd7bca73dc9468ae7117d9cbb3e238113afc6a08fd38baccb7038f131d1;726.876;56;True
c84ff7ed7a08739abb9bd1d8e98b4c4e704545b7d21b464567df57aad5664b67;736.898;56;False
8aed2eca4cbcd7a1526cc33e46f44560c3c53a01b22e6383ccf6900cfabaacaf;726.909;56;False
f2b93f1cbb1f51900ad633af31ace553546f9f6dade0198eb32e348718b6e51a;600.752;56;True
82616d63edb9a45c76c12c950acc152a7d835961f291032371b834f476704459;562.065;72;True
ef34468dc2d6605a531fe1d13150c4af1c19b7ee8d6c1ab2408c1cbe97987367;480.599;72;True
773c731319dabbe3771c540f446cff2368d3b8b6f422f5d8898eca8036ada33b;436.558;72;True
ab74644f0568416e655ec942b2e3e1946f6c245d38ddd91cf92f8f16c95547e4;566.695;72;False
89d0650eb1e868d2f8ea5e78bd166b4834159d2240775b3da371a5204a6b9d12;560.69;72;True
ref;1049.271;32;True
